{
  "addNewAddressTitle": "Agregar una nueva dirección",
  "addNewCardDisabledTooltipTitle": "¿Por qué no puedo agregar una tarjeta nueva?",
  "addNewCardDisabledTooltipTitleContent": "Para agregar una nueva tarjeta, actualiza tus preferencias en $1.",
  "backToWorkflow": "Volver a $1",
  "billingInformation": "Información de facturación",
  "cardDetailsTitle": "Detalles de la tarjeta",
  "creditCardSyncSuccessTokenizationNotEligible": "$1 guardado en tu cuenta de Microsoft, aunque actualmente no se admite ningún número de tarjeta virtual",
  "creditCardTokenizationSuccess": "¡Todo listo! La tarjeta ahora está protegida por Edge.",
  "enrollCardToMSA": "Accede a esta tarjeta para hacer pagos en Edge en todos sus dispositivos.",
  "enrollCardToMSATitle": "¿Quieres guardar en la cuenta de Microsoft?",
  "enrollCardToMSAWithEligibleTitle": "Obtén más comodidad y seguridad con tu tarjeta",
  "enrollCardTokenized": "Protege tus compras con una tarjeta virtual para que los comerciantes no vean tu número de tarjeta.",
  "enrollCardTokenizedTitle": "Obtén más seguridad con tu tarjeta",
  "gotoMicrosoftAccount": "Ir a la cuenta de Microsoft",
  "nicknamePlaceholder": "Escribir el alias",
  "nicknameSectionTitle": "Alias de tarjeta",
  "recentChanges": "Cambios recientes",
  "removeCard": "Quitar tarjeta",
  "removeCardFromMSA": "Este método de pago está asociado a una suscripción activa. Para quitar esta tarjeta de tu Cartera, primero debes cambiar la suscripción de tu cuenta de Microsoft a un nuevo método de pago.",
  "removeCardFromWalletHub": "¿Está seguro de que desea eliminar esta tarjeta de la Cartera?",
  "tokenHistoryCreateCurrentValueLabel": "El nuevo número de tarjeta termina en $1",
  "tokenHistoryCreatePreviousValueLabel": "El número de tarjeta anterior finalizaba en $1",
  "tokenHistoryCreateTitle": "El número de la tarjeta virtual fue actualizado por $1",
  "tokenHistoryExpirationDateChangeLabel": "Ahora expirará el $1",
  "tokenHistoryExpirationDateChangeTitle": "La fecha de expiración de la tarjeta se ha actualizado",
  "tokenHistoryUpdateLabel": "La tarjeta virtual termina en $1",
  "tokenHistoryUpdateTitle": "Se ha generado la tarjeta virtual.",
  "tokenizedSuccessModalDescription": "Tu tarjeta ahora tiene un número de tarjeta virtual que se introducirá automáticamente al realizar el pago en Edge.",
  "tokenizedSuccessModalTitle": "¡Tarjeta virtual activada!",
  "updateBillingInformationSuccess": "¡Todo listo! Se ha actualizado la información de facturación",
  "updateTokenizedCardBillingAddressFailed": "No se puede actualizar la dirección de la tarjeta. Comprueba que la información es correcta y vuelve a intentarlo.",
  "updateTokenizedPartialCardCvvRequired": "Para actualizar esta tarjeta, escribe el código de seguridad CVV asociado a tu $1 que termina en $2.",
  "updateVirtualCardNicknameSuccess": "¡Todo listo! El alias se ha actualizado.",
  "updateVirtualCardSuccess": "¡Todo listo! Se ha actualizado la tarjeta virtual",
  "updatingBillingInformation": "Actualizando la información de facturación...",
  "updatingVirtualCard": "Actualizando la tarjeta virtual...",
  "useVirtualCardDescription": "Usa esta tarjeta virtual al realizar compras en Microsoft Edge.",
  "verifyAndEnroll": "Comprobar e inscribir",
  "verifyTokenizedModalDescription": "Al comprar en línea, Edge puede sustituir el número de la tarjeta por un número de tarjeta virtual. Si el comerciante tiene una filtración de datos, esto puede ayudar a proteger los detalles de la verdadera tarjeta. El emisor de la tarjeta puede enviarte un código de verificación.",
  "verifyTokenizedModalTitle": "¿Deseas pagar de forma segura con una tarjeta virtual?",
  "viewHistory": "Ver historial",
  "virtualCard": "Tarjeta virtual",
  "virtualCardHistoryTitle": "Historial de tarjetas virtuales"
}