{
  "aboutPrivacyStatementLinkText": "Microsoft プライバシー ステートメント",
  "aboutTermsOfUseLinkText": "Microsoft Edge の使用条件",
  "affirmDisclaimerLinkText": "Affirm の連絡先",
  "affirmDisclaimerText": "Affirm Card は、使用制限付き仮想カードであり、ローン契約の条件に応じて Cross River Bank、Member FDIC、または Loan Services, LLC のいずれかによって資金が提供され、Visa U.S.A. Inc. のライセンスに基づいて Sutton Bank、Member FDIC によって発行されています。Affirm Card は、Marqeta によって発行されます。ご質問がある場合は、$1。",
  "affirmLogoDesc": "今すぐ購入し、Affirm でゆっくり支払う",
  "affirmPolicy": "続行すると、$1 に同意し、$2 に従って、購入総額と購入場所が Affirm に共有されることに同意したものと見なされます。",
  "cancel": "キャンセル",
  "challengeDescriptionAPPToAPP": "オンライン銀行アプリにサインインして、確認コードを受け取ってください。",
  "challengeDescriptionCustomerService": "$1 で銀行に電話して確認コードを受け取ります。",
  "challengeDescriptionEmail": "銀行から確認コードがメール アドレス $1 に送信されます。",
  "challengeDescriptionOnlineBanking": "銀行から受け取ったコードを以下に入力します。",
  "challengeDescriptionOutboundCall": "銀行は、携帯電話番号 $1 に電話して確認コードを伝えます。",
  "challengeDescriptionSMS": "銀行から携帯電話番号 $1 に確認コードが送信されます。",
  "close": "閉じる",
  "commonSubtitle": "ゆっくり支払う資格があるかどうかを確認する",
  "feedbackOptionAutofillDontWork": "オートフィルが機能しませんでした",
  "feedbackOptionOthers": "その他",
  "feedbackOptionTookTooMuchTime": "時間がかかりすぎた",
  "klarnaDisclaimerText": "Klarna Visa® Commercial Card は、Visa U.S.A Inc. のライセンスに基づいて、Sutton Bank、Member FDIC によって発行されています。Klarna Card は Marqeta を利用しています。カスタマー サービス $1",
  "klarnaFeeTermLinkText": "$1 で Klarna Pay Later",
  "klarnaLogoDesc": "Klarna でコストを節約できます。",
  "klarnaPolicy": "続行すると、$1 に同意し、$2 に従って、購入総額と購入場所が Klarna に共有されることに同意したものと見なされます。",
  "learnMore": "詳細情報",
  "manageYourPaymentMethodsLinkText": "支払い方法の管理",
  "msPayAddCardAgreement": "続行すると、データの処理方法に関して $1、$2、$3 に同意したものと見なされます。",
  "paymentServiceTermsLinkText": "支払サービスのご契約条件",
  "tokenizationTerms": "続行すると、$1 に同意したものと見なされます。",
  "tokenizeCardBack": "戻る",
  "tokenizeCardChallengeMethodAPPToAPP": "モバイル バンキング アプリ",
  "tokenizeCardChallengeMethodCustomerService": "銀行のカスタマー サポート",
  "tokenizeCardChallengeMethodEmail": "メール",
  "tokenizeCardChallengeMethodOnlineBanking": "銀行口座",
  "tokenizeCardChallengeMethodOutboundCall": "通話",
  "tokenizeCardChallengeMethodSMS": "テキスト メッセージ",
  "tokenizeCardCvvInvalidError": "セキュリティ コードを確認して、もう一度やり直してください。",
  "tokenizeCardEnterCode": "コードを入力",
  "tokenizeCardEnterCodeStepTitle": "確認を受けましょう",
  "tokenizeCardEnterCvvStepDescription": "銀行は、$1 に関連付けられている CVV セキュリティ コードが $2 で終わるかどうかを確認する必要があります。",
  "tokenizeCardErrorStepTitle": "問題が発生しました",
  "tokenizeCardFetchCodeError": "コードの送信中にカード発行者に問題が発生しました。別のコードを要求するか、別の確認方法を使用してください。",
  "tokenizeCardFetchCodeErrorCustomerService": "カード発行者でコードの生成中に問題が発生しました。別の確認方法を試すか、後でもう一度お試しください。",
  "tokenizeCardGeneralError": "カード発行者に問題が発生しています。後でもう一度お試しください。",
  "tokenizeCardLoadingTitle": "銀行に連絡しています...",
  "tokenizeCardNext": "次へ",
  "tokenizeCardResendCode": "コードを再送信",
  "tokenizeCardSelectMethodDescription": "次の検証方法のいずれかを選択します。",
  "tokenizeCardSelectMethodStepTitle": "確認を受けましょう",
  "tokenizeCardSendingCode": "コードを送信しました!",
  "tokenizeCardTryAgain": "やり直してください",
  "tokenizeCardValidationError": "カードの発行者を確認できません。しばらくしてからもう一度お試しください。",
  "tokenizeCardVerify": "確認",
  "tokenizeCardVerifyWithAnotherMethod": "別の方法で確認",
  "tokenizeCardVerifying": "確認中",
  "walletDrawerAutoFillErrorMessage": "お客様のカード情報を $1 からオートフィルすることができません。チェックアウト時に、$1 カード情報を手動で入力してください。",
  "walletDrawerAutoFillMessage": "$1 からのカード情報が自動的に入力されました。",
  "walletDrawerCvcLabel": "CVC",
  "walletDrawerExpirationLabel": "有効期限",
  "walletDrawerLabelCopyCardNumber": "カード番号をコピー",
  "walletDrawerLabelCopyCvc": "CVC をコピー",
  "walletDrawerLabelCopyNameAddress": "名前と住所をコピー",
  "walletDrawerLabelShowCardNumber": "カード番号を表示",
  "walletDrawerLabelShowCvc": "CVC を表示",
  "walletDrawerLabelShowExpirationDate": "有効期限の日付をコピー",
  "walletDrawerLinkErrorMessage": "Microsoft アカウントを $1 にリンクできません。後でもう一度お試しください。",
  "walletDrawerNameAndAddressLabel": "お客様の名前と請求先住所",
  "walletDrawerPayWithVirtualCard": "$1 $2 カードで支払う",
  "walletDrawerSystemErrorHeader": "申し訳ございません",
  "walletDrawerVirtualCardNumberLabel": "仮想カード番号",
  "walletFeedbackThankYouText": "フィードバックをお寄せいただき、ありがとうございます。ウォレットの改善に活用させていただきます。",
  "walletMicrofeedbackPrompt": "ウォレットに満足していますか?",
  "zipFeeTermLinkText": "Zip のサービス使用条件",
  "zipLogoDesc": "Zip で、今すぐ購入して後で支払う",
  "zipPolicy": "続行すると、$1 に同意し、$2 に従って、合計購入金額が Zip と共有されることに同意したものと見なされます。"
}