{"locale":"ar-eg","nextPageUrl":"https://api.msn.com/v1/news/Feed/Windows?activityId=EF0BD7DE72C746519DC47624E4D1FDEB&timeOut=5000&ocid=windows-windowsShell-feeds&apikey=qrUeHGGYvVowZJuHA3XaH0uUvg1ZJ0GUZnXk3mxxPF&Treatment=T6&experience=Taskbar&MaximumDimensions=660x640&AppVersion=1&osLocale=en-US&User=m-022F8A5D4A576FF71C5898EA4B2B6E0C&newsSkip=29&$skip=1&caller=Scroll","nextRequestUrl":"https://api.msn.com:443/v1/news/Feed/Windows?","landingPageUrl":"https://www.msn.com:443/ar-eg/feed","flyoutUrl":"https://windows.msn.com:443/shell?osLocale=en-US","flyoutUrlV2":"https://windows.msn.com:443/shellv2?osLocale=en-US","serviceContext":{"apiVersion":"v1","fdHead":"prg-1sw-aip,prg-1sw-aqntp,prg-1sw-aqp2,prg-1sw-aqwd,prg-1sw-bnrkfuzc,prg-1sw-capph48,prg-1sw-capph8,prg-1sw-cappwa8,prg-1sw-cbm0,prg-1sw-cfwxml12,prg-1sw-cfwxskpp1,prg-1sw-curnic,prg-1sw-enablenpq-c,prg-1sw-esprt-rptag,prg-1sw-fullpreview,prg-1sw-hce,prg-1sw-p1wtrclm,prg-1sw-pde0,prg-1sw-prehistory,prg-1sw-sacgrecountt2,prg-1sw-sagfimc,prg-1sw-sbn-mm,prg-1sw-sptnln,prg-1sw-sptnls,prg-1sw-sptnlw,prg-1sw-sptwthr2,prg-1sw-tbrcounter,prg-1sw-tsptwthr2,prg-1sw-wrapi,prg-1sw-wxhf-ht,prg-1sw-wxml2p,prg-1sw-wxntpseg","serviceActivityId":"1dcff0df-3846-43ec-9404-e6307e8536a7","tmpl":"Nowcast_cold:1;lowC:0;SportsMatch-7;PageViewCount0;SportsMatch_all:1;ClientIpFallbackCohort:C_C;SevereWeather_cold:1;WasRecoNewUser:1;TeaserTemp_cold:1;ClickCohort:0;MyFeed;coldStartUpsell:1;WildFire_cold:1;ULatLon29.34:30.76;SageUser:0;topStories-5;TileID:stjy;lowT:0;FixIds:0;TrafficDelays-4;WeatherSummary-2;StockQuote-6;RR:0;IMArticleNegUser:0;SageUserStatus:0_0_0_0;GANone:1;coldStart:1;TeaserVisibility_cold:1;Static:1;IsRecoNewUser:1;prod-template:1","debugInfo":"layout:wpo","responseCreationDateTime":"2023-02-13T16:11:41.6180306Z","requestHeaderMuid":"022f8a5d-4a57-6ff7-1c58-98ea4b2b6e0c","debugId":"1dcff0df-3846-43ec-9404-e6307e8536a7|2023-02-13T16:11:41.6180169Z|fabric:/winfeed|WUS3|WinFeed_383","callerType":"Bgtask"},"expirationDateTime":"2023-02-16T16:11:41.6179979Z","showBadge":true,"previews":{"displayDurationMs":60000,"defaultPreview":{"relatedCardId":-1,"adaptiveCards":{"small":{"type":"AdaptiveCard","version":"1.0","id":"WP_Small_Normal","body":[{"type":"Container","items":[{"type":"ColumnSet","columns":[{"type":"Column","width":"auto","items":[{"type":"Image","url":"https://assets.msn.com/weathermapdata/1/static/weather/Icons/taskbar/Condition/AAehOqD.svg","horizontalAlignment":"center"}],"verticalContentAlignment":"center"},{"type":"Column","width":"auto","items":[{"type":"TextBlock","text":"16°C","spacing":"none"}]},{"type":"Column","width":"stretch","items":[{"type":"TextBlock","text":"غائم جزئيًا","spacing":"none"}]}]}]}]}},"additionalCards":[],"previewType":"Weather:NormalWeather_wxnw_TkBs_Normal_0","notificationMetadata":{"pnpNotificationType":"Weather_NormalWeather"}},"rotationalCount":0,"badgingInfo":{"isPreviewBadged":false}},"settings":{"refreshIntervalMinutes":34,"feedEnabled":true,"webView2Enabled":false,"flyoutV2EndpointEnabled":false},"dimensions":{"hoverHeight":640},"regions":{"river":{"subSections":[{"template":"halfu","cards":[{"id":"AA17oIzv","type":"article","title":"مايفوتكش: فيفا يحسم مصير صفقات الزمالك.. واعتذار محمد شريف","abstract":"تعرف على أبرز خبار الكرة المحلية والعالمية، وما يدور داخل جدران الأهلي والزمالك، وعلى رأسها موقف قيد صفقات الفريق الأبيض واعتذار محمد شريف، عبر خدمة «مايفوتكش».","url":"https://www.msn.com/ar-eg/sports/other/مايفوتكش-فيفا-يحسم-مصير-صفقات-الزمالك-واعتذار-محمد-شريف/ar-AA17oIzv","locale":"ar-eg","isLocalContent":false,"publishedDateTime":"2023-02-12T22:34:58Z","feed":{"id":"Y_43a8c450-d8f9-42f2-a042-7621aff3810f","feedName":"الدوري المصري الممتاز‎","lastFreActionTimestamp":0},"isFeatured":false,"images":[{"width":861,"height":439,"url":"https://th.bing.com/th?id=ORMS.272a6147391c9c1c45c692441a1c0104&pid=Wdp","title":"فريق الزمالك","caption":"فريق الزمالك","focalRegion":{"x1":311,"x2":338,"y1":134,"y2":161},"source":"msn","colorSamples":[{"isDarkMode":true,"hexColor":"#E2D2B0","isGreyScale":false},{"isDarkMode":false,"hexColor":"#E2D2B0","isGreyScale":false}]}],"colorSamples":[{"isDarkMode":true,"hexColor":"#E2D2B0","isGreyScale":false},{"isDarkMode":false,"hexColor":"#E2D2B0","isGreyScale":false}],"provider":{"id":"AAiFUJI","name":"الوطن","logoUrl":"https://img-s-msn-com.akamaized.net/tenant/amp/entityid/AAiFXaI.img","profileId":"vid-seq0yg52uhe0sjqegqetmga89xn6q9k403hvsgmm5x4wp05esx3s"},"category":"sports","reactionSummary":{"totalCount":7,"subReactionSummaries":[{"totalCount":6,"type":"upvote"},{"totalCount":1,"type":"downvote"}]},"reactionStatus":"on","commentStatus":"off","subscriptionProductType":"undefined","position":0,"cardId":7,"notificationState":"undefined"},{"type":"WeatherSummary","isLocalContent":false,"subscriptionProductType":"undefined","position":0,"data":"{\"responses\":[{\"weather\":[{\"alerts\":[],\"current\":{\"baro\":1022.0,\"cap\":\"غائم جزئياً\",\"capAbbr\":\"غائم جزئيًا\",\"daytime\":\"n\",\"dewPt\":4.0,\"feels\":16.0,\"rh\":45.0,\"icon\":30,\"symbol\":\"n200\",\"pvdrIcon\":\"30\",\"wx\":\"\",\"sky\":\"BKN\",\"temp\":16.0,\"uv\":0.0,\"uvDesc\":\"منخفض\",\"vis\":10.0,\"windDir\":20,\"windSpd\":18.0,\"windGust\":35.0,\"created\":\"2023-02-13T18:10:36+02:00\",\"pvdrCap\":\"غائم جزئياً\",\"cloudCover\":59.0},\"forecast\":{\"days\":[{\"hourly\":[{\"rh\":43.0,\"icon\":30,\"symbol\":\"n200\",\"pvdrIcon\":\"30\",\"precip\":0.0,\"sky\":\"SCT\",\"temp\":15.0,\"valid\":\"2023-02-13T19:00:00+02:00\",\"windSpd\":16.0},{\"rh\":45.0,\"icon\":29,\"symbol\":\"n100\",\"pvdrIcon\":\"29\",\"precip\":0.0,\"sky\":\"FEW\",\"temp\":15.0,\"valid\":\"2023-02-13T20:00:00+02:00\",\"windSpd\":16.0},{\"rh\":51.0,\"icon\":29,\"symbol\":\"n100\",\"pvdrIcon\":\"29\",\"precip\":0.0,\"sky\":\"FEW\",\"temp\":15.0,\"valid\":\"2023-02-13T21:00:00+02:00\",\"windSpd\":17.0},{\"rh\":57.0,\"icon\":29,\"symbol\":\"n100\",\"pvdrIcon\":\"29\",\"precip\":0.0,\"sky\":\"FEW\",\"temp\":15.0,\"valid\":\"2023-02-13T22:00:00+02:00\",\"windSpd\":16.0},{\"rh\":62.0,\"icon\":29,\"symbol\":\"n100\",\"pvdrIcon\":\"29\",\"precip\":0.0,\"sky\":\"FEW\",\"temp\":13.0,\"valid\":\"2023-02-13T23:00:00+02:00\",\"windSpd\":14.0}],\"daily\":{\"day\":{\"symbol\":\"d200\",\"windSpd\":13.0,\"summaries\":[\"توقع سماء صافية إلى حد ما.\",\"ستصل درجة الحرارة العظمى إلى 17°.\"]},\"night\":{\"symbol\":\"n100\",\"windSpd\":9.0,\"summaries\":[\"ستكون السماء صافية في كثير من الأحيان.\",\"ستصل درجة الحرارة الصغرى إلى 8°.\"]},\"pvdrCap\":\"مشمس جزئياً\",\"valid\":\"2023-02-13T00:00:00+02:00\",\"icon\":3,\"symbol\":\"d200\",\"pvdrIcon\":\"3\",\"precip\":0.0,\"rhHi\":82.0,\"rhLo\":38.0,\"tempHi\":17.0,\"tempLo\":8.0,\"uv\":4.0,\"uvDesc\":\"معتدل\",\"created\":\"2023-02-13T18:00:00+02:00\",\"rainAmount\":0.0,\"snowAmount\":0.0},\"almanac\":{\"valid\":\"2023-02-13T00:00:00+02:00\",\"sunrise\":\"2023-02-13T06:38:37+02:00\",\"sunset\":\"2023-02-13T17:44:57+02:00\"}},{\"hourly\":[{\"rh\":66.0,\"icon\":29,\"symbol\":\"n100\",\"pvdrIcon\":\"29\",\"precip\":0.0,\"sky\":\"FEW\",\"temp\":13.0,\"valid\":\"2023-02-14T00:00:00+02:00\",\"windSpd\":11.0},{\"rh\":71.0,\"icon\":28,\"symbol\":\"n000\",\"pvdrIcon\":\"28\",\"precip\":0.0,\"sky\":\"CLR\",\"temp\":12.0,\"valid\":\"2023-02-14T01:00:00+02:00\",\"windSpd\":10.0},{\"rh\":76.0,\"icon\":29,\"symbol\":\"n100\",\"pvdrIcon\":\"29\",\"precip\":0.0,\"sky\":\"FEW\",\"temp\":11.0,\"valid\":\"2023-02-14T02:00:00+02:00\",\"windSpd\":9.0},{\"rh\":80.0,\"icon\":29,\"symbol\":\"n100\",\"pvdrIcon\":\"29\",\"precip\":0.0,\"sky\":\"FEW\",\"temp\":11.0,\"valid\":\"2023-02-14T03:00:00+02:00\",\"windSpd\":8.0},{\"rh\":85.0,\"icon\":29,\"symbol\":\"n100\",\"pvdrIcon\":\"29\",\"precip\":0.0,\"sky\":\"FEW\",\"temp\":10.0,\"valid\":\"2023-02-14T04:00:00+02:00\",\"windSpd\":7.0},{\"rh\":88.0,\"icon\":29,\"symbol\":\"n100\",\"pvdrIcon\":\"29\",\"precip\":0.0,\"sky\":\"FEW\",\"temp\":9.0,\"valid\":\"2023-02-14T05:00:00+02:00\",\"windSpd\":5.0},{\"rh\":90.0,\"icon\":29,\"symbol\":\"n100\",\"pvdrIcon\":\"29\",\"precip\":0.0,\"sky\":\"FEW\",\"temp\":9.0,\"valid\":\"2023-02-14T06:00:00+02:00\",\"windSpd\":6.0},{\"rh\":91.0,\"icon\":2,\"symbol\":\"d100\",\"pvdrIcon\":\"2\",\"precip\":0.0,\"sky\":\"FEW\",\"temp\":8.0,\"valid\":\"2023-02-14T07:00:00+02:00\",\"windSpd\":5.0},{\"rh\":81.0,\"icon\":2,\"symbol\":\"d100\",\"pvdrIcon\":\"2\",\"precip\":0.0,\"sky\":\"FEW\",\"temp\":9.0,\"valid\":\"2023-02-14T08:00:00+02:00\",\"windSpd\":4.0},{\"rh\":69.0,\"icon\":1,\"symbol\":\"d000\",\"pvdrIcon\":\"1\",\"precip\":0.0,\"sky\":\"CLR\",\"temp\":12.0,\"valid\":\"2023-02-14T09:00:00+02:00\",\"windSpd\":6.0},{\"rh\":55.0,\"icon\":2,\"symbol\":\"d100\",\"pvdrIcon\":\"2\",\"precip\":0.0,\"sky\":\"FEW\",\"temp\":13.0,\"valid\":\"2023-02-14T10:00:00+02:00\",\"windSpd\":8.0},{\"rh\":45.0,\"icon\":2,\"symbol\":\"d100\",\"pvdrIcon\":\"2\",\"precip\":1.0,\"sky\":\"FEW\",\"temp\":15.0,\"valid\":\"2023-02-14T11:00:00+02:00\",\"windSpd\":10.0},{\"rh\":39.0,\"icon\":2,\"symbol\":\"d100\",\"pvdrIcon\":\"2\",\"precip\":1.0,\"sky\":\"FEW\",\"temp\":16.0,\"valid\":\"2023-02-14T12:00:00+02:00\",\"windSpd\":11.0},{\"rh\":36.0,\"icon\":2,\"symbol\":\"d100\",\"pvdrIcon\":\"2\",\"precip\":1.0,\"sky\":\"FEW\",\"temp\":17.0,\"valid\":\"2023-02-14T13:00:00+02:00\",\"windSpd\":11.0},{\"rh\":33.0,\"icon\":2,\"symbol\":\"d100\",\"pvdrIcon\":\"2\",\"precip\":0.0,\"sky\":\"SCT\",\"temp\":17.0,\"valid\":\"2023-02-14T14:00:00+02:00\",\"windSpd\":12.0},{\"rh\":33.0,\"icon\":2,\"symbol\":\"d100\",\"pvdrIcon\":\"2\",\"precip\":0.0,\"sky\":\"SCT\",\"temp\":17.0,\"valid\":\"2023-02-14T15:00:00+02:00\",\"windSpd\":11.0},{\"rh\":34.0,\"icon\":2,\"symbol\":\"d100\",\"pvdrIcon\":\"2\",\"precip\":0.0,\"sky\":\"SCT\",\"temp\":17.0,\"valid\":\"2023-02-14T16:00:00+02:00\",\"windSpd\":12.0},{\"rh\":36.0,\"icon\":3,\"symbol\":\"d200\",\"pvdrIcon\":\"3\",\"precip\":1.0,\"sky\":\"SCT\",\"temp\":17.0,\"valid\":\"2023-02-14T17:00:00+02:00\",\"windSpd\":12.0},{\"rh\":40.0,\"icon\":30,\"symbol\":\"n200\",\"pvdrIcon\":\"30\",\"precip\":4.0,\"sky\":\"SCT\",\"temp\":16.0,\"valid\":\"2023-02-14T18:00:00+02:00\",\"windSpd\":10.0},{\"rh\":56.0,\"icon\":30,\"symbol\":\"n200\",\"pvdrIcon\":\"30\",\"precip\":4.0,\"sky\":\"SCT\",\"temp\":15.0,\"valid\":\"2023-02-14T19:00:00+02:00\",\"windSpd\":13.0},{\"rh\":66.0,\"icon\":30,\"symbol\":\"n200\",\"pvdrIcon\":\"30\",\"precip\":2.0,\"sky\":\"SCT\",\"temp\":14.0,\"valid\":\"2023-02-14T20:00:00+02:00\",\"windSpd\":12.0},{\"rh\":70.0,\"icon\":29,\"symbol\":\"n100\",\"pvdrIcon\":\"29\",\"precip\":2.0,\"sky\":\"FEW\",\"temp\":13.0,\"valid\":\"2023-02-14T21:00:00+02:00\",\"windSpd\":8.0},{\"rh\":73.0,\"icon\":29,\"symbol\":\"n100\",\"pvdrIcon\":\"29\",\"precip\":0.0,\"sky\":\"SCT\",\"temp\":12.0,\"valid\":\"2023-02-14T22:00:00+02:00\",\"windSpd\":9.0},{\"rh\":78.0,\"icon\":29,\"symbol\":\"n100\",\"pvdrIcon\":\"29\",\"precip\":0.0,\"sky\":\"FEW\",\"temp\":12.0,\"valid\":\"2023-02-14T23:00:00+02:00\",\"windSpd\":8.0}],\"daily\":{\"day\":{\"symbol\":\"d100\",\"windSpd\":10.0},\"night\":{\"symbol\":\"n100\",\"windSpd\":6.0},\"pvdrCap\":\"مشمس غالباً\",\"valid\":\"2023-02-14T00:00:00+02:00\",\"icon\":2,\"symbol\":\"d100\",\"pvdrIcon\":\"2\",\"precip\":4.0,\"rhHi\":85.0,\"rhLo\":39.0,\"tempHi\":18.0,\"tempLo\":9.0,\"uv\":4.0,\"uvDesc\":\"معتدل\",\"created\":\"2023-02-13T18:00:00+02:00\",\"rainAmount\":0.0,\"snowAmount\":0.0}},{\"hourly\":[{\"rh\":82.0,\"icon\":28,\"symbol\":\"n000\",\"pvdrIcon\":\"28\",\"precip\":0.0,\"sky\":\"CLR\",\"temp\":11.0,\"valid\":\"2023-02-15T00:00:00+02:00\",\"windSpd\":6.0}],\"daily\":{\"day\":{\"symbol\":\"d100\",\"windSpd\":12.0},\"night\":{\"symbol\":\"n100\",\"windSpd\":8.0},\"pvdrCap\":\"مشمس غالباً\",\"valid\":\"2023-02-15T00:00:00+02:00\",\"icon\":2,\"symbol\":\"d100\",\"pvdrIcon\":\"2\",\"precip\":4.0,\"rhHi\":81.0,\"rhLo\":42.0,\"tempHi\":18.0,\"tempLo\":10.0,\"uv\":4.0,\"uvDesc\":\"معتدل\",\"created\":\"2023-02-13T18:00:00+02:00\",\"rainAmount\":0.0,\"snowAmount\":0.0}},{\"daily\":{\"day\":{\"symbol\":\"d200\",\"windSpd\":12.0},\"night\":{\"symbol\":\"n100\",\"windSpd\":9.0},\"pvdrCap\":\"مشمس جزئياً\",\"valid\":\"2023-02-16T00:00:00+02:00\",\"icon\":3,\"symbol\":\"d200\",\"pvdrIcon\":\"3\",\"precip\":5.0,\"rhHi\":78.0,\"rhLo\":41.0,\"tempHi\":18.0,\"tempLo\":10.0,\"uv\":3.0,\"uvDesc\":\"معتدل\",\"created\":\"2023-02-13T18:00:00+02:00\",\"rainAmount\":0.0,\"snowAmount\":0.0}},{\"daily\":{\"day\":{\"symbol\":\"d000\",\"windSpd\":19.0},\"night\":{\"symbol\":\"n000\",\"windSpd\":14.0},\"pvdrCap\":\"مشمس\",\"valid\":\"2023-02-17T00:00:00+02:00\",\"icon\":1,\"symbol\":\"d000\",\"pvdrIcon\":\"1\",\"precip\":0.0,\"rhHi\":79.0,\"rhLo\":38.0,\"tempHi\":20.0,\"tempLo\":10.0,\"uv\":5.0,\"uvDesc\":\"معتدل\",\"created\":\"2023-02-13T18:00:00+02:00\",\"rainAmount\":0.0,\"snowAmount\":0.0}}]},\"mapsmetadata\":{\"NowcastVectorMap\":{\"uris\":{\"202302131608\":\"https://assets.msn.com/weathermapdata/1/nowcastmap/202302131608/Sbn/{z}/{x}_{y}_{z}_{time}.blc\"}},\"NowcastVectorMapV3\":{\"uris\":{\"202206212228\":\"https://assets.msn.com/weathermapdata/1/nowcastmapv3/202206212228/VectorMapMrmsHawaii/{z}/{x}_{y}_{z}_{time}.blc\"}},\"TileImageMetadata\":{\"uris\":{\"202302130000\":\"https://assets.msn.com/weathermapdata/1/{scenario}/021300/{x}_{y}_{z}_{time}.{format}\"}},\"AirQualityHeatMap\":{\"uris\":{\"202302131500\":\"https://assets.msn.com/weathermapdata/1/airqualityheatmap/{country}/{x}_{y}_{z}_{time}.jpg\"}},\"SevereWeatherSvg\":{\"uris\":{\"202302131555\":\"https://assets.msn.com/weathermapdata/1/severeweathersvgimage/202302131555/{x}_{y}_{z}.svg\"}},\"PollenCity\":{\"uris\":{\"202302130831\":\"https://assets.msn.com/weathermapdata/1/pollensensecity/202302130831/PollenCity.json\"}},\"PollenImage\":{\"uris\":{\"202302130831\":\"https://assets.msn.com/weathermapdata/1/pollensenserendered/021308/{x}_{y}_{z}.{format}\"}},\"HurricaneSvg\":{\"uris\":{\"202212131605\":\"https://assets.msn.com/weathermapdata/1/hurricanesvgimage/202212131605/{x}_{y}_{z}.svg\"}},\"WildFireSvg\":{\"uris\":{\"202302131606\":\"https://assets.msn.com/weathermapdata/1/wildfiresvgimage/202302131606/{x}_{y}_{z}.svg\"}},\"SevereWeatherText\":{\"uris\":{\"202302131602\":\"https://assets.msn.com/weathermapdata/1/severeweathertext/202302131602/{x}_{y}_{z}.json\"}},\"TemperatureGrid\":{\"uris\":{\"202302131200\":\"https://assets.msn.com/weathermapdata/1/{scenario}/{version}_0/{x}_{y}_{z}_{time}.{format}\"}},\"TemperatureGridRR\":{\"uris\":{\"202302131500\":\"https://assets.msn.com/weathermapdata/1/{scenario}/{version}_1/{x}_{y}_{z}_{time}.{format}\"}},\"AirQualityHeatMapEu\":{\"uris\":{\"202302131500\":\"https://assets.msn.com/weathermapdata/1/airqualityheatmap/{country}/{x}_{y}_{z}_{time}.jpg\"}},\"EuPollenCity\":{\"uris\":{\"202302110000\":\"https://assets.msn.com/weathermapdata/1/eupollen/city/202302110000/EuPollenCity.json\"}},\"EuPollenImage\":{\"uris\":{\"202302110000\":\"https://assets.msn.com/weathermapdata/1/eupollen/rendered/20230211/{x}_{y}_{z}.jpg\"}}},\"contentdata\":[{\"id\":\"wxnw\",\"cid\":25,\"ranking\":2000,\"contenttype\":\"NormalWeather\",\"isSpotlight\":false}],\"provider\":{\"name\":\"Foreca\",\"url\":\"http://www.foreca.com\"}}],\"source\":{\"id\":\"100355648\",\"coordinates\":{\"lat\":29.35889,\"lon\":30.67832},\"location\":{\"TimezoneName\":\"Africa/Cairo\"}}}],\"userProfile\":{\"locationSettingMode\":\"1\",\"location\":{\"Country\":\"Egypt\",\"CountryCode\":\"EG\",\"State\":\"Al Fayyum\",\"City\":\"Markaz El Faiyum\",\"UtcOffset\":\"00:00:00\",\"IsLocalized\":true,\"Accuracy\":207026.015625,\"Latitude\":29.336421966552734,\"Longitude\":30.75571060180664},\"followedLocations\":[],\"detectedLocation\":{\"Country\":\"Egypt\",\"CountryCode\":\"EG\",\"State\":\"Al Fayyum\",\"City\":\"Markaz El Faiyum\",\"UtcOffset\":\"00:00:00\",\"IsLocalized\":true,\"Accuracy\":207026.015625,\"Latitude\":29.336421966552734,\"Longitude\":30.75571060180664},\"sig\":{\"ut\":0},\"eplant\":{\"ad\":false}},\"isSpotlight\":false,\"units\":{\"temperature\":\"°C\",\"speed\":\"كيلومتر/ ساعة\"}}","dataType":"WeatherOverview","cardId":27,"notificationState":"undefined"}]},{"template":"halfu","cards":[{"id":"AA17qPCK","type":"video","title":"رئيس الوزراء: تخصيص 51 مليار جنيه لسداد مديونيات وتطوير شركات الغزل والنسيج","abstract":"قال الدكتور مصطفي مدبولي، رئيس مجلس الوزراء، أننا هنسوي مديونيات بـ 21 مليار جنيه.. 51 مليار جنيه علشان نحل مشكلة.. والحكومة غير مسئولة.. ولكن مسئولين عن رؤية إصلاح ويتعمل تغيير\". #رئيس_الوزراء اشترك في القناة الرسمية #TeNTV ليصلك كل جديد http://bit.ly/TeNTV تابعوا قناة Ten TV على مواقع التواصل الاجتماعي: Twitter: https://goo.gl/w6aF3o Facebook : https://goo.gl/HwSu9L Youtube: https://goo.gl/XCWepB Instagram: https://goo.gl/hN7c7N","url":"https://www.msn.com/ar-eg/video/watch/رئيس-الوزراء-تخصيص-51-مليار-جنيه-لسداد-مديونيات-وتطوير-شركات-الغزل-والنسيج/vi-AA17qPCK","locale":"ar-ae","isLocalContent":false,"publishedDateTime":"2023-02-13T14:35:48Z","feed":{"id":"Y_56e65cd1-b3a8-4de1-8ead-9881872fcf85","feedName":"تونس","lastFreActionTimestamp":0},"isFeatured":false,"images":[{"width":1920,"height":1080,"url":"https://th.bing.com/th?id=ORMS.cc805e2ae389e17cf89f57e2a90e5e55&pid=Wdp","title":"رئيس الوزراء: تخصيص 51 مليار جنيه لسداد مديونيات وتطوير شركات الغزل والنسيج","caption":"قال الدكتور مصطفي مدبولي، رئيس مجلس الوزراء، أننا هنسوي مديونيات بـ 21 مليار جنيه.. 51 مليار جنيه علشان نحل مشكلة.. والحكومة غير مسئولة.. ولكن مسئولين عن رؤية إصلاح ويتعمل تغيير\".<br>#رئيس_الوزراء <br>اشترك في القناة الرسمية #TeNTV ليصلك كل جديد http://bit.ly/TeNTV<br>تابعوا قناة Ten TV على مواقع التواصل الاجتماعي:<br>Twitter: https://goo.gl/w6aF3o<br>Facebook : https://goo.gl/HwSu9L<br>Youtube: https://goo.gl/XCWepB<br>Instagram: https://goo.gl/hN7c7N","focalRegion":{"x1":28,"x2":577,"y1":149,"y2":228},"source":"msn","colorSamples":[{"isDarkMode":true,"hexColor":"#514819","isGreyScale":false},{"isDarkMode":false,"hexColor":"#DEDDC7","isGreyScale":false}]}],"colorSamples":[{"isDarkMode":true,"hexColor":"#514819","isGreyScale":false},{"isDarkMode":false,"hexColor":"#DEDDC7","isGreyScale":false}],"provider":{"id":"BBhFXKH","name":"Dailymotion","logoUrl":"https://img-s-msn-com.akamaized.net/tenant/amp/entityid/AALo3og.img","profileId":"vid-7x7m6u09i9mcpds08aa5s302nsfq59apvcv0fmqfbngdw7bn5nna"},"category":"video","reactionSummary":{"totalCount":0},"reactionStatus":"off","commentStatus":"off","subscriptionProductType":"undefined","position":0,"cardId":8,"notificationState":"undefined"},{"type":"TrafficDelays","isLocalContent":false,"subscriptionProductType":"undefined","position":0,"data":"{\"ImpressionFlights\":[],\"Location\":{\"Country\":\"Egypt\",\"CountryCode\":\"EG\",\"State\":\"Al Fayyum\",\"City\":\"Markaz El Faiyum\",\"PostalCode\":null,\"UtcOffset\":\"02:00:00\",\"DmaCode\":null,\"IsLocalized\":true,\"Accuracy\":207026.015625,\"IsAutoDetected\":true,\"LocationSource\":null,\"Latitude\":29.336421966552734,\"Longitude\":30.75571060180664},\"CenterLocation\":{\"Country\":null,\"CountryCode\":null,\"State\":null,\"City\":null,\"PostalCode\":null,\"UtcOffset\":null,\"DmaCode\":null,\"IsLocalized\":false,\"Accuracy\":-1.0,\"IsAutoDetected\":false,\"LocationSource\":null,\"Latitude\":29.337652987760976,\"Longitude\":30.76253899688025},\"Attribution\":\"Tomtom\",\"Heading\":\"Markaz El Faiyum\",\"Version\":\"1.0.0.0\",\"TrafficIncidents\":[],\"AreaTrafficDelay\":{\"AreaTrafficCongestion\":1,\"DelayColor\":0,\"AreaDelaySupported\":true},\"TrafficTime\":null,\"TrafficDelays\":[{\"Delay\":0,\"Locality\":\"\",\"BoundingBoxMin\":{\"Latitude\":29.311656438687745,\"Longitude\":30.702800237509233},\"BoundingBoxMax\":{\"Latitude\":29.33332643868774,\"Longitude\":30.720500237509235},\"TrafficCongestion\":1,\"Incident\":\"al-Nassariyyah - Tabhar / El Nasareya - Tobhar NB\",\"DelayColor\":0},{\"Delay\":0,\"Locality\":\"\",\"BoundingBoxMin\":{\"Latitude\":29.311671634610498,\"Longitude\":30.702794306417847},\"BoundingBoxMax\":{\"Latitude\":29.333341634610495,\"Longitude\":30.720494306417844},\"TrafficCongestion\":1,\"Incident\":\"العجميين - النصارية SB\",\"DelayColor\":0}],\"TrafficCameras\":[],\"TrafficStatusList\":[{\"Key\":\"news\",\"StatValue\":20,\"Period\":\"Last24hrs\"}],\"GasStations\":null,\"TrafficAnalytics\":null,\"TransitNearbyLines\":null,\"MyTransitInfoByStop\":null,\"LocationMode\":\"AutoDetect\",\"SupportedArea\":true,\"SuggestedZoomLevel\":12,\"Home\":null,\"Work\":null,\"Routes\":null,\"CustomRoutes\":null,\"DistanceUnit\":\"Kilometers\",\"AvailableInfoTypes\":null,\"InfoTypesForFallback\":[8,255],\"CommuteOutcome\":2,\"PreviewInfo\":[],\"BadgeInfo\":[],\"IsSpotlight\":\"0\",\"WPONRTFeatures\":null,\"ShowNotificationPollBar\":\"0\",\"UpsellEnabledForWpo\":false,\"TrafficInfoType\":8}","cardId":30,"notificationState":"undefined"}]},{"template":"left1u","cards":[{"type":"topStories","isLocalContent":false,"wpoMetadata":{"contentType":"topStories"},"subCards":[{"id":"AA17pTOb","type":"article","title":"الشاي الأخضر أم بالحليب؟.. أيهما أكثر صحة","abstract":"الشاي الأخضر مشروب مهدئ يمكنك الاستمتاع به في أي وقت من اليوم، كما له فوائد عديدة، لكن ما الفارق بينه وبين الشاي بالحليب، وأيهما أكثر صحة؟ ويعطي الشاي عددا كبيرا من الفوائد الصحية ولكن إضافة الحليب ومكعب السكر لجعله أكثر قبولا قد يقلل من فوائده الغذائية إلى حد ما، وفقا لموقع Healthifyme. وبعيدًا عن الميول والعادات، فإن الدراسات العلمية ترجح كفة الشاي الأخضر على الشاي بالحليب للأسباب التالية: مضادات الأكسدة يتميز الكاتيكين، وهو المكون الرئيسي...","url":"https://www.msn.com/ar-eg/health/other/الشاي-الأخضر-أم-بالحليب-أيهما-أكثر-صحة/ar-AA17pTOb","locale":"ar-eg","isLocalContent":false,"publishedDateTime":"2023-02-13T12:00:07Z","feed":{"id":"Y_8b365af4-b6c3-4a79-b8dc-6e780cbc8ecf","feedName":"نمط الحياة","lastFreActionTimestamp":0},"isFeatured":false,"images":[{"width":1080,"height":720,"url":"https://th.bing.com/th?id=ORMS.d58529fb3434f18f31626ae071557b0b&pid=Wdp","title":"شاي باللبن","caption":"شاي باللبن","source":"msn","colorSamples":[{"isDarkMode":true,"hexColor":"#222C36","isGreyScale":false},{"isDarkMode":false,"hexColor":"#F2F9FC","isGreyScale":false}]}],"colorSamples":[{"isDarkMode":true,"hexColor":"#222C36","isGreyScale":false},{"isDarkMode":false,"hexColor":"#F2F9FC","isGreyScale":false}],"provider":{"id":"BB2isci","name":"مصراوي","logoUrl":"https://img-s-msn-com.akamaized.net/tenant/amp/entityid/BB16c4aH.img","profileId":"vid-h3vbvi5n424erfbr57n2t70sdm47nahb4ymxa527687t6h29feks"},"category":"health","reactionSummary":{"totalCount":15,"subReactionSummaries":[{"totalCount":9,"type":"upvote"},{"totalCount":5,"type":"downvote"},{"totalCount":1,"type":"like"}]},"reactionStatus":"on","commentStatus":"off","subscriptionProductType":"undefined","position":0,"cardId":1,"notificationState":"undefined"},{"id":"AA17qen9","type":"article","title":"كتل هوائية قادمة من أوروبا.. الأرصاد تحذر من طقس ممطر غدًا","abstract":"كتب- أحمد مسعد: كشفت الدكتورة منار غانم، عضو المركز الإعلامي بالهيئة العامة للأرصاد الجوية، إن البلاد مستمرة في التأثير بعمق للمنخفض الجوي الموجود في طبقات الجوى العليا، الذي يعمل على تزايد فرص الأمطار على المناطق الساحلية؛ وتتكون أمطار متوسطة على سواحلنا الشمالية الغربية؛ نتيجة تأثير منخفض جوي بكتل هوائية شمالية رطبة قادمة من جنوب وشرق أوروبا مرورًا بالبحر المتوسط. وقالت غانم، في تصريحات خاصة لـ مصراوي، الاثنين، إنه من المتوقع أن تتحول هذه...","url":"https://www.msn.com/ar-eg/news/national/كتل-هوائية-قادمة-من-أوروبا-الأرصاد-تحذر-من-طقس-ممطر-غدًا/ar-AA17qen9","locale":"ar-eg","isLocalContent":true,"publishedDateTime":"2023-02-13T13:59:30Z","feed":{"id":"Y_6f3b61e5-3081-4d1d-830f-2252cd621318","feedName":"الطقس","lastFreActionTimestamp":0},"isFeatured":false,"images":[{"width":768,"height":432,"url":"https://th.bing.com/th?id=ORMS.0dfde51b00b185520e27d80dab295105&pid=Wdp","title":"الطقس","caption":"الطقس","source":"msn","colorSamples":[{"isDarkMode":true,"hexColor":"#D7D4D7","isGreyScale":false},{"isDarkMode":false,"hexColor":"#D7D4D7","isGreyScale":false}]}],"colorSamples":[{"isDarkMode":true,"hexColor":"#D7D4D7","isGreyScale":false},{"isDarkMode":false,"hexColor":"#D7D4D7","isGreyScale":false}],"provider":{"id":"BB2isci","name":"مصراوي","logoUrl":"https://img-s-msn-com.akamaized.net/tenant/amp/entityid/BB16c4aH.img","profileId":"vid-h3vbvi5n424erfbr57n2t70sdm47nahb4ymxa527687t6h29feks"},"category":"news","reactionSummary":{"totalCount":2,"subReactionSummaries":[{"totalCount":2,"type":"upvote"}]},"reactionStatus":"on","commentStatus":"off","subscriptionProductType":"undefined","position":0,"cardId":2,"notificationState":"undefined"},{"id":"AA17qPYK","type":"article","title":"عاجل.. رابطة اللاعبين المحترفين تصدم محمد صلاح","abstract":"أعلنت رابطة اللاعبين المحترفين الدولية «فيبرو» عن قائمة المرشحين لدخول تشكيل عام 2022 المثالي.","url":"https://www.msn.com/ar-eg/sports/other/عاجل-رابطة-اللاعبين-المحترفين-تصدم-محمد-صلاح/ar-AA17qPYK","locale":"ar-eg","isLocalContent":false,"publishedDateTime":"2023-02-13T15:08:23Z","feed":{"id":"Y_8a197af8-97c0-48a4-840c-aaed9b9671d0","feedName":"الرياضة","lastFreActionTimestamp":0},"isFeatured":false,"images":[{"width":861,"height":439,"url":"https://th.bing.com/th?id=ORMS.83618315a725c68315638327a1540faa&pid=Wdp","title":"محمد صلاح نجم ليفربول","caption":"محمد صلاح نجم ليفربول","focalRegion":{"x1":436,"x2":514,"y1":130,"y2":208},"source":"msn","colorSamples":[{"isDarkMode":true,"hexColor":"#232431","isGreyScale":false},{"isDarkMode":false,"hexColor":"#CED9F3","isGreyScale":false}]}],"colorSamples":[{"isDarkMode":true,"hexColor":"#232431","isGreyScale":false},{"isDarkMode":false,"hexColor":"#CED9F3","isGreyScale":false}],"provider":{"id":"AAiFUJI","name":"الوطن","logoUrl":"https://img-s-msn-com.akamaized.net/tenant/amp/entityid/AAiFXaI.img","profileId":"vid-seq0yg52uhe0sjqegqetmga89xn6q9k403hvsgmm5x4wp05esx3s"},"category":"sports","reactionSummary":{"totalCount":0},"reactionStatus":"on","commentStatus":"off","subscriptionProductType":"undefined","position":0,"cardId":3,"notificationState":"undefined"},{"id":"AA17peBw","type":"article","title":"رولز رويس: النماذج الجديدة المستقبلية ستكون سيارات كهربائية","abstract":"قال الرئيس التنفيذي لشركة رولز رويس، Torsten Muller-Otvos في مقابلة مع مجلة Car، إن جميع سيارات Rolls-Royces الجديدة ستكون كهربائية بحلول نهاية عام 2030.مستقبل السيارات الكهربائية لدى رولز رويسومن المقرر أن تطلق Rolls-Royce مجموعة جديدة من الطرازات الكهربائية للعلامة التجارية مع الإصدار القادم من Sp","url":"https://www.msn.com/ar-eg/autos/news/رولز-رويس-النماذج-الجديدة-المستقبلية-ستكون-سيارات-كهربائية/ar-AA17peBw","locale":"ar-sa","isLocalContent":false,"publishedDateTime":"2023-02-12T23:10:00Z","feed":{"id":"Y_814921b7-ceb7-46fa-891c-55ea6204c4fc","feedName":"أخبار السيارات","lastFreActionTimestamp":0},"isFeatured":false,"images":[{"width":645,"height":400,"url":"https://th.bing.com/th?id=ORMS.960ae136ee23371c335bc3f1afa1ea5b&pid=Wdp","title":"رولز رويس: النماذج الجديدة المستقبلية ستكون سيارات كهربائية","caption":"رولز رويس: النماذج الجديدة المستقبلية ستكون سيارات كهربائية","source":"msn","colorSamples":[{"isDarkMode":true,"hexColor":"#404852","isGreyScale":false},{"isDarkMode":false,"hexColor":"#CBDAF0","isGreyScale":false}]}],"colorSamples":[{"isDarkMode":true,"hexColor":"#404852","isGreyScale":false},{"isDarkMode":false,"hexColor":"#CBDAF0","isGreyScale":false}],"provider":{"id":"AA7ULRu","name":"تيربو العرب","logoUrl":"https://img-s-msn-com.akamaized.net/tenant/amp/entityid/AA7X2Xj.img","profileId":"vid-e6weqisbep5scsenfckwwgxcd3a7sm4gmaqw3q4euqagts87g0ma"},"category":"autos","reactionSummary":{"totalCount":0},"reactionStatus":"on","commentStatus":"off","subscriptionProductType":"undefined","position":0,"cardId":4,"notificationState":"undefined"},{"id":"AA17qeMN","type":"article","title":"غارات جوية إسرائيلية على غزة ومقتل فلسطيني في الضفة","abstract":"شنّ الطيران الحربي الإسرائيلي ليل الأحد الاثنين غارات جوّية عدّة استهدفت موقعًا لحركة حماس في غزّة فيما قُتل فلسطيني في توغل جديد في مدينة نابلس شمال الضفة الغربية. - اشتباكات في نابلس - وفي مدينة نابلس شمال الضفة الغربية المحتلة حيث تفيد السلطات الإسرائيلية بأنها تلاحق \"مطلوبين\" منذ نحو عام، قال الجيش الاسرائيلي في بيان إنه \"نفذ خلال الليل عملية استباقية جديدة هناك\".","url":"https://www.msn.com/ar-eg/news/featured/غارات-جوية-إسرائيلية-على-غزة-ومقتل-فلسطيني-في-الضفة/ar-AA17qeMN","locale":"ar-eg","isLocalContent":false,"publishedDateTime":"2023-02-13T10:21:25Z","feed":{"id":"Y_f0b2474a-371f-43d9-af63-0d2177d40b72","feedName":"أخبار العالم","lastFreActionTimestamp":0},"isFeatured":false,"images":[{"width":768,"height":512,"url":"https://th.bing.com/th?id=ORMS.6f97421cc0a27d6c81cdc92461623008&pid=Wdp","title":"نيران ودخان تتصاعد من أبنية في غزة بعد القصف الإسرائيلي في 13 شباط/فبراير 2023","caption":"نيران ودخان تتصاعد من أبنية في غزة بعد القصف الإسرائيلي في 13 شباط/فبراير 2023","source":"msn","colorSamples":[{"isDarkMode":true,"hexColor":"#363028","isGreyScale":false},{"isDarkMode":false,"hexColor":"#F4F6F2","isGreyScale":false}]}],"colorSamples":[{"isDarkMode":true,"hexColor":"#363028","isGreyScale":false},{"isDarkMode":false,"hexColor":"#F4F6F2","isGreyScale":false}],"provider":{"id":"AA5ZTIC","name":"AFP","logoUrl":"https://img-s-msn-com.akamaized.net/tenant/amp/entityid/BB18qTPD.img","profileId":"vid-3kv7h73mtcdhywg28d4f9ihgi4xcniq2ubb83iikdu3qwmbd73pa","lightThemeSVGLogo":{"width":38,"height":12,"url":"https://cdn.query.prod.cms.msn.com/cms/api/amp/binary/AA13gP70"},"darkThemeSVGLogo":{"width":38,"height":12,"url":"https://cdn.query.prod.cms.msn.com/cms/api/amp/binary/AA13gP70-dark"}},"category":"news","reactionSummary":{"totalCount":2,"subReactionSummaries":[{"totalCount":2,"type":"downvote"}]},"reactionStatus":"on","commentStatus":"off","subscriptionProductType":"undefined","position":0,"cardId":5,"notificationState":"undefined"},{"id":"AA17qHwA","type":"article","title":"3 وفيات.. ارتفاع عدد ضحايا \"واقعة الحجيرات\" في قنا","abstract":"قنا - عبد الرحمن القرشي: لفظت ربة منزل أنفاسها الأخيرة، داخل مستشفى قنا العام، متأثرة بإصابتها بطلق ناري إثر اشتباكات بين عائلتين، داخل قرية الحجيرات، التابعة لدائرة مركز قنا، ليرتفع عدد ضحايا الواقعة إلى 3 أشخاص. تلقى اللواء إيهاب طه، مساعد وزير الداخلية، مدير أمن قنا، إخطارًا من النجدة بمصرع شخصين بطلقات نارية، وإصابة ربة منزل تُدعى \"م\" وآخر، إثر اشتباكات داخل نجع معلا في قرية الحجيرات منذ 3 أيام. جرى نقل السيدة إلى مستشفى قنا العام لتلقي...","url":"https://www.msn.com/ar-eg/news/national/3-وفيات-ارتفاع-عدد-ضحايا-واقعة-الحجيرات-في-قنا/ar-AA17qHwA","locale":"ar-eg","isLocalContent":false,"publishedDateTime":"2023-02-13T14:09:42Z","feed":{"id":"Y_c6f49be7-64e4-4bf7-bd37-c5f431f734c0","feedName":"أخبار مصر","lastFreActionTimestamp":0},"isFeatured":false,"images":[{"width":740,"height":555,"url":"https://th.bing.com/th?id=ORMS.03ed02f34f17e058d010f840c84728ec&pid=Wdp","title":"مستشفى قنا العام","caption":"مستشفى قنا العام","source":"msn","colorSamples":[{"isDarkMode":true,"hexColor":"#3D3D31","isGreyScale":false},{"isDarkMode":false,"hexColor":"#CFD8E8","isGreyScale":false}]}],"colorSamples":[{"isDarkMode":true,"hexColor":"#3D3D31","isGreyScale":false},{"isDarkMode":false,"hexColor":"#CFD8E8","isGreyScale":false}],"provider":{"id":"BB2isci","name":"مصراوي","logoUrl":"https://img-s-msn-com.akamaized.net/tenant/amp/entityid/BB16c4aH.img","profileId":"vid-h3vbvi5n424erfbr57n2t70sdm47nahb4ymxa527687t6h29feks"},"category":"news","reactionSummary":{"totalCount":0},"reactionStatus":"on","commentStatus":"off","subscriptionProductType":"undefined","position":0,"cardId":6,"notificationState":"undefined"}],"subscriptionProductType":"undefined","position":0,"notificationState":"undefined"},{"type":"StockQuote","isLocalContent":false,"subscriptionProductType":"undefined","position":0,"data":"{\"userSignedIn\":false,\"dataFrom\":\"watchlist\",\"tabs\":[\"currencies\",\"watchlist\",\"market\",\"crypto\"],\"fullWatchlistQuoteIds\":[],\"dataTimestamp\":1676304701347,\"quoteNotificationIds\":[],\"tabListDetails\":{\"watchlist\":{\"quoteIds\":[],\"quoteItems\":[]},\"market\":{\"quoteIds\":[\"aa3myc\",\"auvwoc\",\"avymzr\",\"avryjc\",\"av8uyc\"]},\"currencies\":{\"quoteIds\":[\"avymzr\",\"avryjc\",\"avfjfr\",\"avycec\",\"av8uyc\"],\"quoteItems\":[{\"currency\":\"EGP\",\"id\":\"avymzr\",\"symbol\":\"USDEGP\",\"price\":\"30.50\",\"priceNumber\":30.5,\"priceDayLow\":30.48,\"priceDayHigh\":30.5999,\"priceChange1Month\":1.0,\"price52wHigh\":32.1999,\"price52wLow\":15.59,\"pricePreviousClose\":30.48,\"changeValue\":\"+0.02\",\"changePcnt\":\"+0.07%\",\"changePcntNumber\":0.06562,\"changeValueNumber\":0.02,\"displayName\":\"دولار أمريكي/جنيه مصري\",\"shortName\":\"دولار أمريكي/جنيه مصري\",\"gain\":true,\"unchanged\":false,\"securityType\":\"CurrencyPair\",\"timeLastTraded\":\"2023-02-13T15:31:40+00:00\",\"exchangeName\":\"Foreign Exchange Rates\",\"exchangeId\":\"r6dwrm\",\"return1Year\":94.7637,\"returnYTD\":23.2821,\"return1Month\":3.3898,\"return1Day\":0.06562},{\"currency\":\"EGP\",\"id\":\"avryjc\",\"symbol\":\"SAREGP\",\"price\":\"8.12\",\"priceNumber\":8.1219,\"priceDayLow\":8.1228,\"priceDayHigh\":8.1543,\"priceChange1Month\":0.2684,\"price52wHigh\":8.5718,\"price52wLow\":4.1554,\"pricePreviousClose\":8.1217,\"changeValue\":\"+0.00\",\"changePcnt\":\"+0.00%\",\"changePcntNumber\":0.002463,\"changeValueNumber\":0.0002,\"displayName\":\"ريال سعودي /جنيه مصري\",\"shortName\":\"ريال سعودي /جنيه مصري\",\"gain\":true,\"unchanged\":false,\"securityType\":\"CurrencyPair\",\"timeLastTraded\":\"2023-02-13T15:46:32+00:00\",\"exchangeName\":\"Foreign Exchange Rates\",\"exchangeId\":\"r6dwrm\",\"return1Year\":94.5831,\"returnYTD\":23.405,\"return1Month\":3.4176,\"return1Day\":0.002463},{\"currency\":\"EGP\",\"id\":\"avfjfr\",\"symbol\":\"KWDEGP\",\"price\":\"99.63\",\"priceNumber\":99.6276,\"priceDayLow\":99.5688,\"priceDayHigh\":99.9637,\"priceChange1Month\":2.9507,\"price52wHigh\":105.2525,\"price52wLow\":51.2323,\"pricePreviousClose\":99.6567,\"changeValue\":\"-0.03\",\"changePcnt\":\"-0.03%\",\"changePcntNumber\":-0.0292,\"changeValueNumber\":-0.0291,\"displayName\":\"دينار كويتي/جنيه مصري\",\"shortName\":\"دينار كويتي/جنيه مصري\",\"gain\":false,\"unchanged\":false,\"securityType\":\"CurrencyPair\",\"timeLastTraded\":\"2023-02-13T16:11:09+00:00\",\"exchangeName\":\"Foreign Exchange Rates\",\"exchangeId\":\"r6dwrm\",\"return1Year\":92.5372,\"returnYTD\":23.1734,\"return1Month\":3.0521,\"return1Day\":-0.0292},{\"currency\":\"EGP\",\"id\":\"avycec\",\"symbol\":\"GBPEGP\",\"price\":\"36.98\",\"priceNumber\":36.9843,\"priceDayLow\":36.7193,\"priceDayHigh\":37.0392,\"priceChange1Month\":0.9176,\"price52wHigh\":39.0424,\"price52wLow\":20.2034,\"pricePreviousClose\":36.7528,\"changeValue\":\"+0.23\",\"changePcnt\":\"+0.63%\",\"changePcntNumber\":0.6299,\"changeValueNumber\":0.2315,\"displayName\":\"جنيه بريطاني/جنيه مصري\",\"shortName\":\"جنيه بريطاني/جنيه مصري\",\"gain\":true,\"unchanged\":false,\"securityType\":\"CurrencyPair\",\"timeLastTraded\":\"2023-02-13T16:11:30+00:00\",\"exchangeName\":\"Foreign Exchange Rates\",\"exchangeId\":\"r6dwrm\",\"return1Year\":74.1667,\"returnYTD\":23.5776,\"return1Month\":2.5442,\"return1Day\":0.6299},{\"currency\":\"EGP\",\"id\":\"av8uyc\",\"symbol\":\"EUREGP\",\"price\":\"32.67\",\"priceNumber\":32.6655,\"priceDayLow\":32.5222,\"priceDayHigh\":32.7297,\"priceChange1Month\":0.7229,\"price52wHigh\":34.601,\"price52wLow\":16.9191,\"pricePreviousClose\":32.5374,\"changeValue\":\"+0.13\",\"changePcnt\":\"+0.39%\",\"changePcntNumber\":0.3937,\"changeValueNumber\":0.1281,\"displayName\":\"يورو/جنيه مصري\",\"shortName\":\"يورو/جنيه مصري\",\"gain\":true,\"unchanged\":false,\"securityType\":\"CurrencyPair\",\"timeLastTraded\":\"2023-02-13T16:11:28+00:00\",\"exchangeName\":\"Foreign Exchange Rates\",\"exchangeId\":\"r6dwrm\",\"return1Year\":83.798,\"returnYTD\":23.374,\"return1Month\":2.2631,\"return1Day\":0.3937}]},\"crypto\":{\"quoteIds\":[\"c2111\",\"c2112\",\"c2113\",\"c2114\",\"c2117\"]},\"recommend\":{\"quoteIds\":[\"a1xzim\",\"avymzr\",\"aa3myc\",\"av868m\",\"avryjc\"],\"quoteItems\":[{\"currency\":\"USD\",\"id\":\"a1xzim\",\"symbol\":\"MSFT\",\"price\":\"272.83\",\"priceNumber\":272.83,\"priceDayLow\":267.1875,\"priceDayHigh\":273.0,\"marketCap\":2030893045320.0,\"priceChange1Month\":33.6,\"price52wHigh\":315.95,\"price52wLow\":213.431,\"pricePreviousClose\":263.1,\"changeValue\":\"+9.73\",\"changePcnt\":\"+3.70%\",\"changePcntNumber\":3.6982,\"changeValueNumber\":9.73,\"displayName\":\"Microsoft Corp\",\"shortName\":\"\",\"gain\":true,\"unchanged\":false,\"securityType\":\"Stock\",\"timeLastTraded\":\"2023-02-13T16:11:36.412+00:00\",\"exchangeName\":\"Nasdaq Stock Market\",\"exchangeId\":\"r6dwop\",\"iconUrl\":\"https://bing.com/th?id=AMMS_757f2e8401e056cd9296dfddecccc8e5\",\"return1Year\":-7.5278,\"returnYTD\":13.7645,\"return1Month\":14.0451,\"return1Day\":3.6982},{\"currency\":\"EGP\",\"id\":\"avymzr\",\"symbol\":\"USDEGP\",\"price\":\"30.50\",\"priceNumber\":30.5,\"priceDayLow\":30.48,\"priceDayHigh\":30.5999,\"priceChange1Month\":1.0,\"price52wHigh\":32.1999,\"price52wLow\":15.59,\"pricePreviousClose\":30.48,\"changeValue\":\"+0.02\",\"changePcnt\":\"+0.07%\",\"changePcntNumber\":0.06562,\"changeValueNumber\":0.02,\"displayName\":\"دولار أمريكي/جنيه مصري\",\"shortName\":\"دولار أمريكي/جنيه مصري\",\"gain\":true,\"unchanged\":false,\"securityType\":\"CurrencyPair\",\"timeLastTraded\":\"2023-02-13T15:31:40+00:00\",\"exchangeName\":\"Foreign Exchange Rates\",\"exchangeId\":\"r6dwrm\",\"return1Year\":94.7637,\"returnYTD\":23.2821,\"return1Month\":3.3898,\"return1Day\":0.06562},{\"currency\":\"EGP\",\"id\":\"aa3myc\",\"symbol\":\"EGX30\",\"price\":\"17,214.56\",\"priceNumber\":17214.56,\"priceDayLow\":17113.22,\"priceDayHigh\":17450.5,\"priceChange1Month\":1663.09,\"price52wHigh\":17764.02,\"price52wLow\":8599.05,\"pricePreviousClose\":17287.09,\"changeValue\":\"-72.53\",\"changePcnt\":\"-0.42%\",\"changePcntNumber\":-0.4196,\"changeValueNumber\":-72.53,\"displayName\":\"EGX30\",\"shortName\":\"\",\"gain\":false,\"unchanged\":false,\"securityType\":\"Index\",\"timeLastTraded\":\"2023-02-13T00:00:00+00:00\",\"exchangeName\":\"Egyptian Exchange\",\"exchangeId\":\"r6dwwq\",\"return1Year\":48.6764,\"returnYTD\":17.9198,\"return1Month\":10.6941,\"return1Day\":-0.4196},{\"currency\":\"USD\",\"id\":\"av868m\",\"symbol\":\"EGPUSD\",\"price\":\"0.03\",\"priceNumber\":0.03273,\"priceDayLow\":0.03268,\"priceDayHigh\":0.03281,\"priceChange1Month\":-0.00105,\"price52wHigh\":0.06373,\"price52wLow\":0.03106,\"pricePreviousClose\":0.0327,\"changeValue\":\"+0.00\",\"changePcnt\":\"+0.09%\",\"changePcntNumber\":0.09174,\"changeValueNumber\":3E-05,\"displayName\":\"جنيه مصري/دولار أمريكي\",\"shortName\":\"جنيه مصري/دولار أمريكي\",\"gain\":true,\"unchanged\":false,\"securityType\":\"CurrencyPair\",\"timeLastTraded\":\"2023-02-13T15:31:40+00:00\",\"exchangeName\":\"Foreign Exchange Rates\",\"exchangeId\":\"r6dwrm\",\"return1Year\":-48.4161,\"returnYTD\":-18.9249,\"return1Month\":-3.1083,\"return1Day\":0.09174},{\"currency\":\"EGP\",\"id\":\"avryjc\",\"symbol\":\"SAREGP\",\"price\":\"8.12\",\"priceNumber\":8.1219,\"priceDayLow\":8.1228,\"priceDayHigh\":8.1543,\"priceChange1Month\":0.2684,\"price52wHigh\":8.5718,\"price52wLow\":4.1554,\"pricePreviousClose\":8.1217,\"changeValue\":\"+0.00\",\"changePcnt\":\"+0.00%\",\"changePcntNumber\":0.002463,\"changeValueNumber\":0.0002,\"displayName\":\"ريال سعودي /جنيه مصري\",\"shortName\":\"ريال سعودي /جنيه مصري\",\"gain\":true,\"unchanged\":false,\"securityType\":\"CurrencyPair\",\"timeLastTraded\":\"2023-02-13T15:46:32+00:00\",\"exchangeName\":\"Foreign Exchange Rates\",\"exchangeId\":\"r6dwrm\",\"return1Year\":94.5831,\"returnYTD\":23.405,\"return1Month\":3.4176,\"return1Day\":0.002463}]}},\"financeInterests\":[],\"isUserInterestedInNews\":false,\"taskbarEventNotification\":false,\"nonWatchlistNotification\":false,\"userGroup\":\"NonFinanceUser\",\"userCohort\":{\"sourceBitmap\":[0,0,0,0,0,0]},\"disableSpotlight\":false,\"metaData\":{\"wl\":\"0\",\"fct\":\"Currencies\",\"mo\":\"1\",\"mv\":\"0.12275\",\"fctm\":\"0.3937\",\"confidenceScore\":\"0.5\",\"IsWatchlistSummaryPreview\":\"0\",\"tabClkProb\":\"0.25\",\"finInterestL\":\"0\",\"finTopicInterestL\":\"0,0,0,0,0,0,0,0,0,0,0,0,0,0,0\"},\"traceInfo\":{\"userId\":\"m-022F8A5D4A576FF71C5898EA4B2B6E0C\",\"traceId\":\"EF0BD7DE72C746519DC47624E4D1FDEB\",\"isSignedIn\":false,\"signInType\":\"Unknown\"}}","dataType":"StockQuote","cardId":28,"notificationState":"undefined"},{"id":"02bde011-1e9d-3aff-8309-7d07d4031798","type":"SportsMatch","isLocalContent":false,"subscriptionProductType":"undefined","position":0,"data":"{\"End\":\"638170272000000000\",\"OSCreationTime\":\"2/13/2023 2:37:22 PM\",\"Scenario\":\"SportsFeed\",\"Model\":{\"CardType\":\"SportsMatch\",\"DataType\":\"TeamVsTeam\",\"PrimaryColorHex\":\"380038\",\"PrimaryEntityId\":\"02bde011-1e9d-3aff-8309-7d07d4031798\",\"PrimaryEntityImage\":\"AAYdj7O\",\"PrimaryEntityLoc\":\"DisplayText_Soccer_EnglandPremierLeague\",\"PrimaryEntityName\":\"Premier League\",\"PrimaryEntityType\":\"League\",\"Version\":\"2\",\"SkinnyRanking\":\"[{\\\"LocalizedName\\\":\\\"الدوري الإنجليزي الممتاز\\\",\\\"SatoriId\\\":\\\"02bde011-1e9d-3aff-8309-7d07d4031798\\\",\\\"FeedId\\\":\\\"Y_7ddb8ac3-f9ff-4c99-b26c-711ecc42435d\\\",\\\"ImageId\\\":\\\"AAYdj7O\\\",\\\"EntityType\\\":\\\"League\\\",\\\"IsLive\\\":false,\\\"HasSD \\\":true,\\\"Subtitle\\\":\\\"\\\",\\\"UseSuperDesign\\\":\\\"0\\\",\\\"HasExplicitInterest\\\":false,\\\"ClickThroughUrl\\\":\\\"https://www.msn.com/ar-eg/sports/soccer/premier-league\\\",\\\"Sport\\\":\\\"Soccer\\\"},{\\\"LocalizedName\\\":\\\"الدوري الإسباني\\\",\\\"SatoriId\\\":\\\"50939367-7e05-543f-3a79-7d4c998285e9\\\",\\\"FeedId\\\":\\\"Y_7ad360cc-a2d6-449a-bad1-5e85390a2562\\\",\\\"ImageId\\\":\\\"AAYdcbj\\\",\\\"EntityType\\\":\\\"League\\\",\\\"IsLive\\\":false,\\\"HasSD \\\":true,\\\"Subtitle\\\":\\\"\\\",\\\"UseSuperDesign\\\":\\\"0\\\",\\\"HasExplicitInterest\\\":false,\\\"ClickThroughUrl\\\":\\\"https://www.msn.com/ar-eg/sports/soccer/la-liga\\\",\\\"Sport\\\":\\\"Soccer\\\"},{\\\"LocalizedName\\\":\\\"الدوري الممتاز\\\",\\\"SatoriId\\\":\\\"b6c62dfd-4f02-e12a-f0c9-4ca57e55f3f7\\\",\\\"FeedId\\\":\\\"Y_6bec55c2-27f1-4424-ac81-14b74ba77a55\\\",\\\"ImageId\\\":\\\"AAYcSnO\\\",\\\"EntityType\\\":\\\"League\\\",\\\"IsLive\\\":false,\\\"HasSD \\\":true,\\\"Subtitle\\\":\\\"\\\",\\\"UseSuperDesign\\\":\\\"0\\\",\\\"HasExplicitInterest\\\":false,\\\"ClickThroughUrl\\\":\\\"https://www.msn.com/ar-eg/sports/soccer/egyptian-premier-league\\\",\\\"Sport\\\":\\\"Soccer\\\"},{\\\"LocalizedName\\\":\\\"الدوري الألماني\\\",\\\"SatoriId\\\":\\\"ccc6e965-470d-863f-66c1-91cdaa7267c8\\\",\\\"FeedId\\\":\\\"Y_cf16bf24-b72b-472d-bb12-b332e968d35b\\\",\\\"ImageId\\\":\\\"AAYdqHS\\\",\\\"EntityType\\\":\\\"League\\\",\\\"IsLive\\\":false,\\\"HasSD \\\":true,\\\"Subtitle\\\":\\\"\\\",\\\"UseSuperDesign\\\":\\\"0\\\",\\\"HasExplicitInterest\\\":false,\\\"ClickThroughUrl\\\":\\\"https://www.msn.com/ar-eg/sports/soccer/bundesliga\\\",\\\"Sport\\\":\\\"Soccer\\\"}]\",\"ImplicitRanking\":\"[]\",\"FeedId\":\"Y_7ddb8ac3-f9ff-4c99-b26c-711ecc42435d\",\"LogMessage\":\"{\\\"id\\\":\\\"02bde011-1e9d-3aff-8309-7d07d4031798\\\",\\\"bv\\\":0.0,\\\"ch\\\":\\\"22941527\\\",\\\"cs\\\":0.5,\\\"ds\\\":0.215413,\\\"ei\\\":0,\\\"he\\\":0,\\\"fv\\\":0.0,\\\"hp\\\":0,\\\"hs\\\":null,\\\"ie\\\":0,\\\"il\\\":0,\\\"iv\\\":0.0,\\\"nc\\\":null,\\\"np\\\":0.0004,\\\"rd\\\":null,\\\"rp\\\":1.0,\\\"rs\\\":2,\\\"td\\\":3.999826,\\\"pc\\\":0,\\\"mk\\\":\\\"ar-eg\\\"}\",\"UseSuperDesign\":\"0\",\"Tabs\":\"[{\\\"TabType\\\":\\\"SportsMatches\\\",\\\"TabContent\\\":\\\"{\\\\\\\"ContentHash\\\\\\\":\\\\\\\"22941527EEEA3A11\\\\\\\",\\\\\\\"Loc\\\\\\\":\\\\\\\"NA\\\\\\\",\\\\\\\"Sport\\\\\\\":\\\\\\\"Soccer\\\\\\\",\\\\\\\"League\\\\\\\":{\\\\\\\"AddSportsInGameCenterUrl\\\\\\\":\\\\\\\"1\\\\\\\",\\\\\\\"Id\\\\\\\":\\\\\\\"Soccer_EnglandPremierLeague\\\\\\\",\\\\\\\"ImageId\\\\\\\":\\\\\\\"AAYdj7O\\\\\\\",\\\\\\\"Name\\\\\\\":\\\\\\\"Premier League\\\\\\\",\\\\\\\"NameLoc\\\\\\\":\\\\\\\"DisplayText_Soccer_EnglandPremierLeague\\\\\\\",\\\\\\\"SatoriId\\\\\\\":\\\\\\\"02bde011-1e9d-3aff-8309-7d07d4031798\\\\\\\",\\\\\\\"Matches\\\\\\\":[{\\\\\\\"GameId\\\\\\\":\\\\\\\"34152137\\\\\\\",\\\\\\\"GameStartDateTime\\\\\\\":\\\\\\\"1676318400000\\\\\\\",\\\\\\\"IsAdaptiveCardAvailable\\\\\\\":\\\\\\\"False\\\\\\\",\\\\\\\"Rank\\\\\\\":\\\\\\\"1\\\\\\\",\\\\\\\"GameNotificationDetails\\\\\\\":{\\\\\\\"IsPreGameInjuryEnabled\\\\\\\":\\\\\\\"true\\\\\\\",\\\\\\\"IsPreGamePreviousMatchupEnabled\\\\\\\":\\\\\\\"true\\\\\\\"},\\\\\\\"GameState\\\\\\\":{\\\\\\\"State\\\\\\\":\\\\\\\"PreGame\\\\\\\"},\\\\\\\"ParticipantOne\\\\\\\":{\\\\\\\"FeedId\\\\\\\":\\\\\\\"8d437035-df45-5e15-5868-05ded77dd0cf_FeedIds\\\\\\\",\\\\\\\"GameCenterUrlSegment\\\\\\\":\\\\\\\"liverpool-fc\\\\\\\",\\\\\\\"HomeAwayStatus\\\\\\\":\\\\\\\"Home\\\\\\\",\\\\\\\"ImageId\\\\\\\":\\\\\\\"AAYcZWr\\\\\\\",\\\\\\\"Loc\\\\\\\":\\\\\\\"80201000000006140_TeamLocalizedShortName\\\\\\\",\\\\\\\"Name\\\\\\\":\\\\\\\"Liverpool\\\\\\\",\\\\\\\"PrimaryColorHex\\\\\\\":\\\\\\\"d00027\\\\\\\",\\\\\\\"TeamSatoriId\\\\\\\":\\\\\\\"8d437035-df45-5e15-5868-05ded77dd0cf\\\\\\\",\\\\\\\"TeamTriggeringId\\\\\\\":\\\\\\\"80201000000006140\\\\\\\"},\\\\\\\"ParticipantTwo\\\\\\\":{\\\\\\\"FeedId\\\\\\\":\\\\\\\"08c4e442-93ae-e0fe-a73b-f76f5259a171_FeedIds\\\\\\\",\\\\\\\"GameCenterUrlSegment\\\\\\\":\\\\\\\"everton-fc\\\\\\\",\\\\\\\"HomeAwayStatus\\\\\\\":\\\\\\\"Away\\\\\\\",\\\\\\\"ImageId\\\\\\\":\\\\\\\"AAZBX6P\\\\\\\",\\\\\\\"Loc\\\\\\\":\\\\\\\"80201000000006149_TeamLocalizedShortName\\\\\\\",\\\\\\\"Name\\\\\\\":\\\\\\\"Everton\\\\\\\",\\\\\\\"PrimaryColorHex\\\\\\\":\\\\\\\"274488\\\\\\\",\\\\\\\"TeamSatoriId\\\\\\\":\\\\\\\"08c4e442-93ae-e0fe-a73b-f76f5259a171\\\\\\\",\\\\\\\"TeamTriggeringId\\\\\\\":\\\\\\\"80201000000006149\\\\\\\"},\\\\\\\"Weather\\\\\\\":[[\\\\\\\"{0}, {1}\\\\\\\",\\\\\\\"WeatherForecast\\\\\\\",\\\\\\\"Temperature\\\\\\\"]]},{\\\\\\\"GameId\\\\\\\":\\\\\\\"34152139\\\\\\\",\\\\\\\"GameStartDateTime\\\\\\\":\\\\\\\"1676219400000\\\\\\\",\\\\\\\"IsAdaptiveCardAvailable\\\\\\\":\\\\\\\"False\\\\\\\",\\\\\\\"Rank\\\\\\\":\\\\\\\"2\\\\\\\",\\\\\\\"GameNotificationDetails\\\\\\\":{\\\\\\\"IsPostGameStatsAvailable\\\\\\\":\\\\\\\"true\\\\\\\",\\\\\\\"IsPostGameVideoEnabled\\\\\\\":\\\\\\\"true\\\\\\\"},\\\\\\\"GameState\\\\\\\":{\\\\\\\"State\\\\\\\":\\\\\\\"PostGame\\\\\\\"},\\\\\\\"ParticipantOne\\\\\\\":{\\\\\\\"FeedId\\\\\\\":\\\\\\\"8b357e7d-2cd9-6ebf-30d5-6794f62ce637_FeedIds\\\\\\\",\\\\\\\"GameCenterUrlSegment\\\\\\\":\\\\\\\"manchester-city\\\\\\\",\\\\\\\"HomeAwayStatus\\\\\\\":\\\\\\\"Home\\\\\\\",\\\\\\\"ImageId\\\\\\\":\\\\\\\"AAYcZWp\\\\\\\",\\\\\\\"IsWinner\\\\\\\":\\\\\\\"true\\\\\\\",\\\\\\\"Loc\\\\\\\":\\\\\\\"80201000000006158_TeamLocalizedShortName\\\\\\\",\\\\\\\"Name\\\\\\\":\\\\\\\"Man City\\\\\\\",\\\\\\\"PrimaryColorHex\\\\\\\":\\\\\\\"012b5a\\\\\\\",\\\\\\\"Score\\\\\\\":\\\\\\\"3\\\\\\\",\\\\\\\"TeamSatoriId\\\\\\\":\\\\\\\"8b357e7d-2cd9-6ebf-30d5-6794f62ce637\\\\\\\",\\\\\\\"TeamTriggeringId\\\\\\\":\\\\\\\"80201000000006158\\\\\\\"},\\\\\\\"ParticipantTwo\\\\\\\":{\\\\\\\"FeedId\\\\\\\":\\\\\\\"d689e389-cacc-0912-28ee-039d79661230_FeedIds\\\\\\\",\\\\\\\"GameCenterUrlSegment\\\\\\\":\\\\\\\"aston-villa\\\\\\\",\\\\\\\"HomeAwayStatus\\\\\\\":\\\\\\\"Away\\\\\\\",\\\\\\\"ImageId\\\\\\\":\\\\\\\"AAYdygS\\\\\\\",\\\\\\\"Loc\\\\\\\":\\\\\\\"80201000000006144_TeamLocalizedShortName\\\\\\\",\\\\\\\"Name\\\\\\\":\\\\\\\"Aston Villa\\\\\\\",\\\\\\\"PrimaryColorHex\\\\\\\":\\\\\\\"78013a\\\\\\\",\\\\\\\"Score\\\\\\\":\\\\\\\"1\\\\\\\",\\\\\\\"TeamSatoriId\\\\\\\":\\\\\\\"d689e389-cacc-0912-28ee-039d79661230\\\\\\\",\\\\\\\"TeamTriggeringId\\\\\\\":\\\\\\\"80201000000006144\\\\\\\"}},{\\\\\\\"GameId\\\\\\\":\\\\\\\"34152133\\\\\\\",\\\\\\\"GameStartDateTime\\\\\\\":\\\\\\\"1676210400000\\\\\\\",\\\\\\\"IsAdaptiveCardAvailable\\\\\\\":\\\\\\\"False\\\\\\\",\\\\\\\"Rank\\\\\\\":\\\\\\\"3\\\\\\\",\\\\\\\"GameNotificationDetails\\\\\\\":{\\\\\\\"IsPostGameStatsAvailable\\\\\\\":\\\\\\\"true\\\\\\\",\\\\\\\"IsPostGameVideoEnabled\\\\\\\":\\\\\\\"true\\\\\\\"},\\\\\\\"GameState\\\\\\\":{\\\\\\\"State\\\\\\\":\\\\\\\"PostGame\\\\\\\"},\\\\\\\"ParticipantOne\\\\\\\":{\\\\\\\"FeedId\\\\\\\":\\\\\\\"a78a459e-d8df-d91b-ba39-9653385a28d0_FeedIds\\\\\\\",\\\\\\\"GameCenterUrlSegment\\\\\\\":\\\\\\\"leeds-united\\\\\\\",\\\\\\\"HomeAwayStatus\\\\\\\":\\\\\\\"Home\\\\\\\",\\\\\\\"ImageId\\\\\\\":\\\\\\\"AAYdygI\\\\\\\",\\\\\\\"Loc\\\\\\\":\\\\\\\"80201000000007126_TeamLocalizedShortName\\\\\\\",\\\\\\\"Name\\\\\\\":\\\\\\\"Leeds United\\\\\\\",\\\\\\\"PrimaryColorHex\\\\\\\":\\\\\\\"0260aa\\\\\\\",\\\\\\\"Score\\\\\\\":\\\\\\\"0\\\\\\\",\\\\\\\"TeamSatoriId\\\\\\\":\\\\\\\"a78a459e-d8df-d91b-ba39-9653385a28d0\\\\\\\",\\\\\\\"TeamTriggeringId\\\\\\\":\\\\\\\"80201000000007126\\\\\\\"},\\\\\\\"ParticipantTwo\\\\\\\":{\\\\\\\"FeedId\\\\\\\":\\\\\\\"064ce28e-ed07-a026-2f79-1b321d7548ea_FeedIds\\\\\\\",\\\\\\\"GameCenterUrlSegment\\\\\\\":\\\\\\\"manchester-united\\\\\\\",\\\\\\\"HomeAwayStatus\\\\\\\":\\\\\\\"Away\\\\\\\",\\\\\\\"ImageId\\\\\\\":\\\\\\\"AAZC4yq\\\\\\\",\\\\\\\"IsWinner\\\\\\\":\\\\\\\"true\\\\\\\",\\\\\\\"Loc\\\\\\\":\\\\\\\"80201000000006157_TeamLocalizedShortName\\\\\\\",\\\\\\\"Name\\\\\\\":\\\\\\\"Man Utd\\\\\\\",\\\\\\\"PrimaryColorHex\\\\\\\":\\\\\\\"da020e\\\\\\\",\\\\\\\"Score\\\\\\\":\\\\\\\"2\\\\\\\",\\\\\\\"TeamSatoriId\\\\\\\":\\\\\\\"064ce28e-ed07-a026-2f79-1b321d7548ea\\\\\\\",\\\\\\\"TeamTriggeringId\\\\\\\":\\\\\\\"80201000000006157\\\\\\\"}},{\\\\\\\"GameId\\\\\\\":\\\\\\\"34152125\\\\\\\",\\\\\\\"GameStartDateTime\\\\\\\":\\\\\\\"1676136600000\\\\\\\",\\\\\\\"IsAdaptiveCardAvailable\\\\\\\":\\\\\\\"False\\\\\\\",\\\\\\\"Rank\\\\\\\":\\\\\\\"4\\\\\\\",\\\\\\\"GameNotificationDetails\\\\\\\":{\\\\\\\"IsPostGameStatsAvailable\\\\\\\":\\\\\\\"true\\\\\\\",\\\\\\\"IsPostGameVideoEnabled\\\\\\\":\\\\\\\"true\\\\\\\"},\\\\\\\"GameState\\\\\\\":{\\\\\\\"State\\\\\\\":\\\\\\\"PostGame\\\\\\\"},\\\\\\\"ParticipantOne\\\\\\\":{\\\\\\\"FeedId\\\\\\\":\\\\\\\"ccb56310-891b-0cba-152e-c8a3da0e381d_FeedIds\\\\\\\",\\\\\\\"GameCenterUrlSegment\\\\\\\":\\\\\\\"afc-bournemouth\\\\\\\",\\\\\\\"HomeAwayStatus\\\\\\\":\\\\\\\"Home\\\\\\\",\\\\\\\"ImageId\\\\\\\":\\\\\\\"AAYdhyz\\\\\\\",\\\\\\\"Loc\\\\\\\":\\\\\\\"80201000000008260_TeamLocalizedShortName\\\\\\\",\\\\\\\"Name\\\\\\\":\\\\\\\"Bournemouth\\\\\\\",\\\\\\\"Score\\\\\\\":\\\\\\\"1\\\\\\\",\\\\\\\"TeamSatoriId\\\\\\\":\\\\\\\"ccb56310-891b-0cba-152e-c8a3da0e381d\\\\\\\",\\\\\\\"TeamTriggeringId\\\\\\\":\\\\\\\"80201000000008260\\\\\\\"},\\\\\\\"ParticipantTwo\\\\\\\":{\\\\\\\"FeedId\\\\\\\":\\\\\\\"d36b1961-7548-2202-311b-d6a69037d67d_FeedIds\\\\\\\",\\\\\\\"GameCenterUrlSegment\\\\\\\":\\\\\\\"newcastle-united\\\\\\\",\\\\\\\"HomeAwayStatus\\\\\\\":\\\\\\\"Away\\\\\\\",\\\\\\\"ImageId\\\\\\\":\\\\\\\"AAYdygP\\\\\\\",\\\\\\\"Loc\\\\\\\":\\\\\\\"80201000000006151_TeamLocalizedShortName\\\\\\\",\\\\\\\"Name\\\\\\\":\\\\\\\"Newcastle\\\\\\\",\\\\\\\"PrimaryColorHex\\\\\\\":\\\\\\\"241f20\\\\\\\",\\\\\\\"Score\\\\\\\":\\\\\\\"1\\\\\\\",\\\\\\\"TeamSatoriId\\\\\\\":\\\\\\\"d36b1961-7548-2202-311b-d6a69037d67d\\\\\\\",\\\\\\\"TeamTriggeringId\\\\\\\":\\\\\\\"80201000000006151\\\\\\\"}},{\\\\\\\"GameId\\\\\\\":\\\\\\\"34152131\\\\\\\",\\\\\\\"GameStartDateTime\\\\\\\":\\\\\\\"1676127600000\\\\\\\",\\\\\\\"IsAdaptiveCardAvailable\\\\\\\":\\\\\\\"False\\\\\\\",\\\\\\\"Rank\\\\\\\":\\\\\\\"5\\\\\\\",\\\\\\\"GameNotificationDetails\\\\\\\":{\\\\\\\"IsPostGameStatsAvailable\\\\\\\":\\\\\\\"true\\\\\\\",\\\\\\\"IsPostGameVideoEnabled\\\\\\\":\\\\\\\"true\\\\\\\"},\\\\\\\"GameState\\\\\\\":{\\\\\\\"State\\\\\\\":\\\\\\\"PostGame\\\\\\\"},\\\\\\\"ParticipantOne\\\\\\\":{\\\\\\\"FeedId\\\\\\\":\\\\\\\"21e94137-d797-bb4f-2670-2c3058835ce6_FeedIds\\\\\\\",\\\\\\\"GameCenterUrlSegment\\\\\\\":\\\\\\\"fulham-fc\\\\\\\",\\\\\\\"HomeAwayStatus\\\\\\\":\\\\\\\"Home\\\\\\\",\\\\\\\"ImageId\\\\\\\":\\\\\\\"AAYdhvB\\\\\\\",\\\\\\\"IsWinner\\\\\\\":\\\\\\\"true\\\\\\\",\\\\\\\"Loc\\\\\\\":\\\\\\\"80201000000006156_TeamLocalizedShortName\\\\\\\",\\\\\\\"Name\\\\\\\":\\\\\\\"Fulham\\\\\\\",\\\\\\\"PrimaryColorHex\\\\\\\":\\\\\\\"111111\\\\\\\",\\\\\\\"Score\\\\\\\":\\\\\\\"2\\\\\\\",\\\\\\\"TeamSatoriId\\\\\\\":\\\\\\\"21e94137-d797-bb4f-2670-2c3058835ce6\\\\\\\",\\\\\\\"TeamTriggeringId\\\\\\\":\\\\\\\"80201000000006156\\\\\\\"},\\\\\\\"ParticipantTwo\\\\\\\":{\\\\\\\"FeedId\\\\\\\":\\\\\\\"f6defebe-68fa-6434-b489-80e13d276469_FeedIds\\\\\\\",\\\\\\\"GameCenterUrlSegment\\\\\\\":\\\\\\\"nottingham-forest\\\\\\\",\\\\\\\"HomeAwayStatus\\\\\\\":\\\\\\\"Away\\\\\\\",\\\\\\\"ImageId\\\\\\\":\\\\\\\"AA10Q0hr\\\\\\\",\\\\\\\"Loc\\\\\\\":\\\\\\\"80201000000007133_TeamLocalizedShortName\\\\\\\",\\\\\\\"Name\\\\\\\":\\\\\\\"Nottingham\\\\\\\",\\\\\\\"Score\\\\\\\":\\\\\\\"0\\\\\\\",\\\\\\\"TeamSatoriId\\\\\\\":\\\\\\\"f6defebe-68fa-6434-b489-80e13d276469\\\\\\\",\\\\\\\"TeamTriggeringId\\\\\\\":\\\\\\\"80201000000007133\\\\\\\"}}]}}\\\"},{\\\"TabType\\\":\\\"Articles\\\",\\\"TabContent\\\":\\\"{\\\\\\\"UpdatedDateTime\\\\\\\":\\\\\\\"2/13/2023 3:42:42 PM\\\\\\\",\\\\\\\"Articles\\\\\\\":{\\\\\\\"ContentHash\\\\\\\":\\\\\\\"23605DE418D53CE1\\\\\\\",\\\\\\\"JsonResponse\\\\\\\":\\\\\\\"{\\\\\\\\\\\\\\\"subCards\\\\\\\\\\\\\\\":[{\\\\\\\\\\\\\\\"id\\\\\\\\\\\\\\\":\\\\\\\\\\\\\\\"AA17qZAD\\\\\\\\\\\\\\\",\\\\\\\\\\\\\\\"type\\\\\\\\\\\\\\\":\\\\\\\\\\\\\\\"article\\\\\\\\\\\\\\\",\\\\\\\\\\\\\\\"title\\\\\\\\\\\\\\\":\\\\\\\\\\\\\\\"تقارير: عمر مرموش مطلوب في دورتموند وآينتراخت فرانكفورت ومونشنجلادباخ\\\\\\\\\\\\\\\",\\\\\\\\\\\\\\\"url\\\\\\\\\\\\\\\":\\\\\\\\\\\\\\\"https://www.msn.com/ar-eg/sports/other/تقارير-عمر-مرموش-مطلوب-في-دورتموند-وآينتراخت-فرانكفورت-ومونشنجلادباخ/ar-AA17qZAD\\\\\\\\\\\\\\\",\\\\\\\\\\\\\\\"locale\\\\\\\\\\\\\\\":\\\\\\\\\\\\\\\"ar-eg\\\\\\\\\\\\\\\",\\\\\\\\\\\\\\\"publishedDateTime\\\\\\\\\\\\\\\":\\\\\\\\\\\\\\\"2023-02-13T15:17:06Z\\\\\\\\\\\\\\\",\\\\\\\\\\\\\\\"images\\\\\\\\\\\\\\\":[{\\\\\\\\\\\\\\\"url\\\\\\\\\\\\\\\":\\\\\\\\\\\\\\\"https://img-s-msn-com.akamaized.net/tenant/amp/entityid/AA17qQcd.img\\\\\\\\\\\\\\\"}],\\\\\\\\\\\\\\\"provider\\\\\\\\\\\\\\\":{\\\\\\\\\\\\\\\"id\\\\\\\\\\\\\\\":\\\\\\\\\\\\\\\"AAiFUJI\\\\\\\\\\\\\\\",\\\\\\\\\\\\\\\"name\\\\\\\\\\\\\\\":\\\\\\\\\\\\\\\"الوطن\\\\\\\\\\\\\\\",\\\\\\\\\\\\\\\"logoUrl\\\\\\\\\\\\\\\":\\\\\\\\\\\\\\\"https://img-s-msn-com.akamaized.net/tenant/amp/entityid/AAiFXaI.img\\\\\\\\\\\\\\\"}},{\\\\\\\\\\\\\\\"id\\\\\\\\\\\\\\\":\\\\\\\\\\\\\\\"AA17qPYE\\\\\\\\\\\\\\\",\\\\\\\\\\\\\\\"type\\\\\\\\\\\\\\\":\\\\\\\\\\\\\\\"article\\\\\\\\\\\\\\\",\\\\\\\\\\\\\\\"title\\\\\\\\\\\\\\\":\\\\\\\\\\\\\\\"مباراة ليفربول ضد إيفرتون.. الموعد والقنوات والمعلق وترتيب الدوري الإنجليزي\\\\\\\\\\\\\\\",\\\\\\\\\\\\\\\"url\\\\\\\\\\\\\\\":\\\\\\\\\\\\\\\"https://www.msn.com/ar-eg/sports/other/مباراة-ليفربول-ضد-إيفرتون-الموعد-والقنوات-والمعلق-وترتيب-الدوري-الإنجليزي/ar-AA17qPYE\\\\\\\\\\\\\\\",\\\\\\\\\\\\\\\"locale\\\\\\\\\\\\\\\":\\\\\\\\\\\\\\\"ar-eg\\\\\\\\\\\\\\\",\\\\\\\\\\\\\\\"publishedDateTime\\\\\\\\\\\\\\\":\\\\\\\\\\\\\\\"2023-02-13T15:03:48Z\\\\\\\\\\\\\\\",\\\\\\\\\\\\\\\"images\\\\\\\\\\\\\\\":[{\\\\\\\\\\\\\\\"url\\\\\\\\\\\\\\\":\\\\\\\\\\\\\\\"https://img-s-msn-com.akamaized.net/tenant/amp/entityid/AA138yfo.img\\\\\\\\\\\\\\\"}],\\\\\\\\\\\\\\\"provider\\\\\\\\\\\\\\\":{\\\\\\\\\\\\\\\"id\\\\\\\\\\\\\\\":\\\\\\\\\\\\\\\"AA1bsin\\\\\\\\\\\\\\\",\\\\\\\\\\\\\\\"name\\\\\\\\\\\\\\\":\\\\\\\\\\\\\\\"المصري اليوم\\\\\\\\\\\\\\\",\\\\\\\\\\\\\\\"logoUrl\\\\\\\\\\\\\\\":\\\\\\\\\\\\\\\"https://img-s-msn-com.akamaized.net/tenant/amp/entityid/BB5jMs5.img\\\\\\\\\\\\\\\"}},{\\\\\\\\\\\\\\\"id\\\\\\\\\\\\\\\":\\\\\\\\\\\\\\\"AA17qbTp\\\\\\\\\\\\\\\",\\\\\\\\\\\\\\\"type\\\\\\\\\\\\\\\":\\\\\\\\\\\\\\\"article\\\\\\\\\\\\\\\",\\\\\\\\\\\\\\\"title\\\\\\\\\\\\\\\":\\\\\\\\\\\\\\\"ديربي ميرسيسايد يهدد ليفربول بكابوس 2017.. وصلاح يبحث عن مئوية خاصة\\\\\\\\\\\\\\\",\\\\\\\\\\\\\\\"url\\\\\\\\\\\\\\\":\\\\\\\\\\\\\\\"https://www.msn.com/ar-eg/sports/other/ديربي-ميرسيسايد-يهدد-ليفربول-بكابوس-2017-وصلاح-يبحث-عن-مئوية-خاصة/ar-AA17qbTp\\\\\\\\\\\\\\\",\\\\\\\\\\\\\\\"locale\\\\\\\\\\\\\\\":\\\\\\\\\\\\\\\"ar-eg\\\\\\\\\\\\\\\",\\\\\\\\\\\\\\\"publishedDateTime\\\\\\\\\\\\\\\":\\\\\\\\\\\\\\\"2023-02-13T14:09:00Z\\\\\\\\\\\\\\\",\\\\\\\\\\\\\\\"images\\\\\\\\\\\\\\\":[{\\\\\\\\\\\\\\\"url\\\\\\\\\\\\\\\":\\\\\\\\\\\\\\\"https://img-s-msn-com.akamaized.net/tenant/amp/entityid/AA13O9lb.img\\\\\\\\\\\\\\\"}],\\\\\\\\\\\\\\\"provider\\\\\\\\\\\\\\\":{\\\\\\\\\\\\\\\"id\\\\\\\\\\\\\\\":\\\\\\\\\\\\\\\"AA2em4\\\\\\\\\\\\\\\",\\\\\\\\\\\\\\\"name\\\\\\\\\\\\\\\":\\\\\\\\\\\\\\\"يلا كورة\\\\\\\\\\\\\\\",\\\\\\\\\\\\\\\"logoUrl\\\\\\\\\\\\\\\":\\\\\\\\\\\\\\\"https://img-s-msn-com.akamaized.net/tenant/amp/entityid/BB16cfGW.img\\\\\\\\\\\\\\\"}},{\\\\\\\\\\\\\\\"id\\\\\\\\\\\\\\\":\\\\\\\\\\\\\\\"AA17qwmC\\\\\\\\\\\\\\\",\\\\\\\\\\\\\\\"type\\\\\\\\\\\\\\\":\\\\\\\\\\\\\\\"article\\\\\\\\\\\\\\\",\\\\\\\\\\\\\\\"title\\\\\\\\\\\\\\\":\\\\\\\\\\\\\\\"استبدال حكم الفيديو في مباراتين بالدوري الإنجليزي بسبب خطأ\\\\\\\\\\\\\\\",\\\\\\\\\\\\\\\"url\\\\\\\\\\\\\\\":\\\\\\\\\\\\\\\"https://www.msn.com/ar-eg/sports/other/استبدال-حكم-الفيديو-في-مباراتين-بالدوري-الإنجليزي-بسبب-خطأ/ar-AA17qwmC\\\\\\\\\\\\\\\",\\\\\\\\\\\\\\\"locale\\\\\\\\\\\\\\\":\\\\\\\\\\\\\\\"ar-ae\\\\\\\\\\\\\\\",\\\\\\\\\\\\\\\"publishedDateTime\\\\\\\\\\\\\\\":\\\\\\\\\\\\\\\"2023-02-13T13:38:40Z\\\\\\\\\\\\\\\",\\\\\\\\\\\\\\\"images\\\\\\\\\\\\\\\":[{\\\\\\\\\\\\\\\"url\\\\\\\\\\\\\\\":\\\\\\\\\\\\\\\"https://img-s-msn-com.akamaized.net/tenant/amp/entityid/AA17qqQx.img\\\\\\\\\\\\\\\"}],\\\\\\\\\\\\\\\"provider\\\\\\\\\\\\\\\":{\\\\\\\\\\\\\\\"id\\\\\\\\\\\\\\\":\\\\\\\\\\\\\\\"AAf3a78\\\\\\\\\\\\\\\",\\\\\\\\\\\\\\\"name\\\\\\\\\\\\\\\":\\\\\\\\\\\\\\\"Reuters\\\\\\\\\\\\\\\",\\\\\\\\\\\\\\\"logoUrl\\\\\\\\\\\\\\\":\\\\\\\\\\\\\\\"https://img-s-msn-com.akamaized.net/tenant/amp/entityid/AACl6Lf.img\\\\\\\\\\\\\\\"}},{\\\\\\\\\\\\\\\"id\\\\\\\\\\\\\\\":\\\\\\\\\\\\\\\"AA17qzUF\\\\\\\\\\\\\\\",\\\\\\\\\\\\\\\"type\\\\\\\\\\\\\\\":\\\\\\\\\\\\\\\"article\\\\\\\\\\\\\\\",\\\\\\\\\\\\\\\"title\\\\\\\\\\\\\\\":\\\\\\\\\\\\\\\"معلق مباراة ليفربول وإيفرتون في الدوري الإنجليزي\\\\\\\\\\\\\\\",\\\\\\\\\\\\\\\"url\\\\\\\\\\\\\\\":\\\\\\\\\\\\\\\"https://www.msn.com/ar-eg/sports/other/معلق-مباراة-ليفربول-وإيفرتون-في-الدوري-الإنجليزي/ar-AA17qzUF\\\\\\\\\\\\\\\",\\\\\\\\\\\\\\\"locale\\\\\\\\\\\\\\\":\\\\\\\\\\\\\\\"ar-eg\\\\\\\\\\\\\\\",\\\\\\\\\\\\\\\"publishedDateTime\\\\\\\\\\\\\\\":\\\\\\\\\\\\\\\"2023-02-13T12:48:52Z\\\\\\\\\\\\\\\",\\\\\\\\\\\\\\\"images\\\\\\\\\\\\\\\":[{\\\\\\\\\\\\\\\"url\\\\\\\\\\\\\\\":\\\\\\\\\\\\\\\"https://img-s-msn-com.akamaized.net/tenant/amp/entityid/AA17qvD4.img\\\\\\\\\\\\\\\"}],\\\\\\\\\\\\\\\"provider\\\\\\\\\\\\\\\":{\\\\\\\\\\\\\\\"id\\\\\\\\\\\\\\\":\\\\\\\\\\\\\\\"AAiFUJI\\\\\\\\\\\\\\\",\\\\\\\\\\\\\\\"name\\\\\\\\\\\\\\\":\\\\\\\\\\\\\\\"الوطن\\\\\\\\\\\\\\\",\\\\\\\\\\\\\\\"logoUrl\\\\\\\\\\\\\\\":\\\\\\\\\\\\\\\"https://img-s-msn-com.akamaized.net/tenant/amp/entityid/AAiFXaI.img\\\\\\\\\\\\\\\"}}]}\\\\\\\",\\\\\\\"MostRecentArticlePublishDateTime\\\\\\\":\\\\\\\"2/13/2023 3:17:06 PM\\\\\\\"}}\\\"}]\",\"DefaultTabFocus\":\"0\",\"Badge\":{},\"Notifications\":{}},\"Resx\":[\"soccer\",\"Lite\\\\Msn\\\\SoccerTeams\",\"Lite\\\\Soccer\\\\TopScorer\\\\TopScorer\"],\"Trans\":{\"064ce28e-ed07-a026-2f79-1b321d7548ea_FeedIds\":{\"ar-eg\":\"Y_8e333e81-f69e-4f6f-afa5-97af22bc46d5\"},\"08c4e442-93ae-e0fe-a73b-f76f5259a171_FeedIds\":{\"ar-eg\":\"Y_8279542f-3f51-4ef5-839e-bcc76745413d\"},\"21e94137-d797-bb4f-2670-2c3058835ce6_FeedIds\":{\"ar-eg\":\"Y_23992001-ac9e-4805-a2e3-d96b46307b12\"},\"80201000000006140_TeamLocalizedShortName\":{\"ar\":\"ليفربول\"},\"80201000000006144_TeamLocalizedShortName\":{\"ar\":\"أستون فيلا\"},\"80201000000006149_TeamLocalizedShortName\":{\"ar\":\"إيفرتون\"},\"80201000000006151_TeamLocalizedShortName\":{\"ar\":\"نيوكاسل يونايتد\"},\"80201000000006156_TeamLocalizedShortName\":{\"ar\":\"فولهام\"},\"80201000000006157_TeamLocalizedShortName\":{\"ar\":\"مانتشستر يونايتد\"},\"80201000000006158_TeamLocalizedShortName\":{\"ar\":\"مانشستر سيتي\"},\"80201000000007126_TeamLocalizedShortName\":{\"ar\":\"ليدز يونايتد\"},\"80201000000007133_TeamLocalizedShortName\":{\"ar\":\"نوتنجهام فوريست\"},\"80201000000008260_TeamLocalizedShortName\":{\"ar\":\"بورنموث\"},\"8b357e7d-2cd9-6ebf-30d5-6794f62ce637_FeedIds\":{\"ar-eg\":\"Y_6307d476-79a5-4af6-b009-73980dc61260\"},\"8d437035-df45-5e15-5868-05ded77dd0cf_FeedIds\":{\"ar-eg\":\"Y_7c2e485c-b5d8-4f17-97e3-b23c875d1682\"},\"DisplayText_Soccer_EnglandPremierLeague\":{\"ar\":\"الدوري الإنجليزي الممتاز\"},\"TaskbarText_Games\":{\"en\":\"Games\"},\"TaskbarText_NGamesToday;N=1\":{},\"TaskbarText_News\":{\"en\":\"News\"},\"UrlSegment_Soccer_EnglandPremierLeague\":{\"ar\":\"soccer/premier-league\"},\"UrlSegment_gamecenter\":{\"ar\":\"game-center\"},\"UrlSegment_schedule\":{\"ar\":\"schedule\"},\"UrlSegment_score\":{\"ar\":\"scores\"},\"UrlSegment_team\":{\"ar\":\"team\"},\"UrlSegment_verticalname_sports\":{\"ar\":\"sports\"},\"a78a459e-d8df-d91b-ba39-9653385a28d0_FeedIds\":{\"ar-eg\":\"Y_cb0fff3c-b5a9-4fd3-b3c0-6901e58caeb4\"},\"ccb56310-891b-0cba-152e-c8a3da0e381d_FeedIds\":{\"ar-eg\":\"Y_c8c823c8-46eb-4b4e-ad97-64a42eeb6339\"},\"d36b1961-7548-2202-311b-d6a69037d67d_FeedIds\":{\"ar-eg\":\"Y_aba8d0ae-5165-4f39-8943-9c67af418fc7\"},\"d689e389-cacc-0912-28ee-039d79661230_FeedIds\":{\"ar-eg\":\"Y_6c64b591-86e3-4c11-9a32-b99de41a1812\"},\"f6defebe-68fa-6434-b489-80e13d276469_FeedIds\":{\"ar-eg\":\"Y_e24bcb07-fc5e-4117-a68c-8c408fec2ef1\"}}}","dataType":"TeamVsTeam","cardId":29,"notificationState":"undefined"}]},{"template":"halfu","cards":[{"id":"AA17p04u","type":"article","title":"حظك اليوم وتوقعات الأبراج 13-2: نصيحة وتحذير.. ومفاجأة ومكاسب مالية لهؤلاء","abstract":"نقدم لكم حظك اليوم وتوقعات الأبراج، في الصفحات التالية، مستندًا إلي مسار الشمس وحركة النجوم والكواكب، وفقا لموقع\"horoscope \". برج الحمل مهنيا: حاول ألا تنشغل كثيراً بمن حولك، وركز على أهدافك. عاطفياً: حاول إن تفصل بين مشاكلك العملية وحياتك الأسرية. ماليا: هذا وقت مناسب في حياتك، يمكنك تحقيق ما كنت تتمنى. برج الثور مهنيا: تشعر ببعض الإحباط في حياتك، وسترى نفسك عقبة في تحقيق أحلامك. عاطفياً: تعتبر هذه الفترة بمثابة مرحلة انتقالية في حياتك. ماليا:...","url":"https://www.msn.com/ar-eg/lifestyle/family/حظك-اليوم-وتوقعات-الأبراج-13-2-نصيحة-وتحذير-ومفاجأة-ومكاسب-مالية-لهؤلاء/ar-AA17p04u","locale":"ar-eg","isLocalContent":false,"publishedDateTime":"2023-02-13T00:03:21Z","feed":{"id":"Y_4b6416f9-274c-43e3-aae0-68bcd2c9be54","feedName":"العائلة","lastFreActionTimestamp":0},"isFeatured":false,"images":[{"width":740,"height":555,"url":"https://th.bing.com/th?id=ORMS.b621a35cf671d51c00c517f760dcf9ea&pid=Wdp","title":"توقعات الأبراج وحظك اليوم","caption":"توقعات الأبراج وحظك اليوم","focalRegion":{"x1":320,"x2":389,"y1":211,"y2":280},"source":"msn","colorSamples":[{"isDarkMode":true,"hexColor":"#3F4D4A","isGreyScale":false},{"isDarkMode":false,"hexColor":"#EDE4B7","isGreyScale":false}]}],"colorSamples":[{"isDarkMode":true,"hexColor":"#3F4D4A","isGreyScale":false},{"isDarkMode":false,"hexColor":"#EDE4B7","isGreyScale":false}],"provider":{"id":"BB2isci","name":"مصراوي","logoUrl":"https://img-s-msn-com.akamaized.net/tenant/amp/entityid/BB16c4aH.img","profileId":"vid-h3vbvi5n424erfbr57n2t70sdm47nahb4ymxa527687t6h29feks"},"category":"lifestyle","reactionSummary":{"totalCount":0},"reactionStatus":"on","commentStatus":"off","subscriptionProductType":"undefined","position":0,"cardId":9,"notificationState":"undefined"},{"id":"AA17pP8e","type":"video","title":"تقارير: تركيا مقبلة على زلزال اقتصادي","abstract":"قالت رئيسة صندوق النقد الدولي ان الزلزال خلف تأثيرا كبيرا على الاقتصاد التركي، ووصف خبراء الوضع بزلزال اقتصادي تصل ارتداداته لعدة قطاعات حيوية بالبلاد.","url":"https://www.msn.com/ar-eg/video/watch/تقارير-تركيا-مقبلة-على-زلزال-اقتصادي/vi-AA17pP8e","locale":"ar-ae","isLocalContent":false,"publishedDateTime":"2023-02-13T07:05:55Z","feed":{"id":"Y_a8fecd2f-0722-4b09-bc36-319bad8b4514","feedName":"مكتبة الفيديو","lastFreActionTimestamp":0},"isFeatured":false,"images":[{"width":700,"height":385,"quality":50,"url":"https://img-s-msn-com.akamaized.net/tenant/amp/entityid/AA17pCAS.img","attribution":"متوفر بواسطة سكاي نيوز عربية","title":"تقارير: تركيا مقبلة على زلزال اقتصادي","source":"msn","colorSamples":[{"isDarkMode":true,"hexColor":"#2E2E2E","isGreyScale":false},{"isDarkMode":false,"hexColor":"#F5F5F5","isGreyScale":false}]}],"colorSamples":[{"isDarkMode":true,"hexColor":"#2E2E2E","isGreyScale":false},{"isDarkMode":false,"hexColor":"#F5F5F5","isGreyScale":false}],"provider":{"id":"AA6n3TC","name":"سكاي نيوز عربية","logoUrl":"https://img-s-msn-com.akamaized.net/tenant/amp/entityid/BB18T9Je.img","profileId":"vid-mdc6iftcpjvmvmdp644ieh57wbcbgg2pqtbdsxs3vm7mu9npnk9s"},"category":"video","reactionSummary":{"totalCount":3,"subReactionSummaries":[{"totalCount":2,"type":"downvote"},{"totalCount":1,"type":"upvote"}]},"reactionStatus":"on","commentStatus":"off","subscriptionProductType":"undefined","position":0,"cardId":10,"notificationState":"undefined"}]},{"template":"halfu","cards":[{"id":"AA17qUF0","type":"article","title":"دنيا عبد العزيز تتذكر والدتها بكلمات مؤثرة","abstract":"كتبت- بهيرة فودة: تذكرت الفنانة دنيا عبدالعزيز والدتها الراحلة بكلمات مؤثرة. ونشرت دنيا صورة تجمعهما، عبر حسابها الرسمي بموقع \"إنستجرام\"، وعلقت: \"لم تكن جزء من الحياة بل الحياة جزء منها، حبيبة العمر أربعة وثلاثون شهر\". وأعلنت الإعلامية بوسي شلبي، عبر حسابها الرسمي بموقع \"إنستجرام\"، وفاة والدة الفنانة دنيا عبد العزيز، وذلك 12 أبريل 2020. وعلقت :\"البقاء لله وفاة الأم الغالية للفنانة دنيا عبدالعزيز، بعد صراع مع مرض السرطان\". دينا عبدالعزيز شاركت في...","url":"https://www.msn.com/ar-eg/entertainment/celebrity-news/دنيا-عبد-العزيز-تتذكر-والدتها-بكلمات-مؤثرة/ar-AA17qUF0","locale":"ar-eg","isLocalContent":false,"publishedDateTime":"2023-02-13T15:59:17Z","feed":{"id":"Y_439d119d-b3ea-4a41-a38d-5667aee72285","feedName":"الترفيه","lastFreActionTimestamp":0},"isFeatured":false,"images":[{"width":768,"height":432,"url":"https://th.bing.com/th?id=ORMS.a684fe0735a62065b44a84d0ddce3205&pid=Wdp","title":"دنيا عبد العزيز ووالدتها","caption":"دنيا عبد العزيز ووالدتها","focalRegion":{"x1":287,"x2":342,"y1":91,"y2":146},"source":"msn","colorSamples":[{"isDarkMode":true,"hexColor":"#DDE0C2","isGreyScale":false},{"isDarkMode":false,"hexColor":"#DDE0C2","isGreyScale":false}]}],"colorSamples":[{"isDarkMode":true,"hexColor":"#DDE0C2","isGreyScale":false},{"isDarkMode":false,"hexColor":"#DDE0C2","isGreyScale":false}],"provider":{"id":"BB2isci","name":"مصراوي","logoUrl":"https://img-s-msn-com.akamaized.net/tenant/amp/entityid/BB16c4aH.img","profileId":"vid-h3vbvi5n424erfbr57n2t70sdm47nahb4ymxa527687t6h29feks"},"category":"entertainment","reactionSummary":{"totalCount":0},"reactionStatus":"on","commentStatus":"off","subscriptionProductType":"undefined","position":0,"cardId":11,"notificationState":"undefined"},{"id":"AA17oXR0","type":"slideshow","title":"أبرز صور مباراة بيراميدز ضد الجيش الملكي","abstract":"أبرز صور مباراة بيراميدز ضد الجيش الملكي","url":"https://www.msn.com/ar-eg/sports/other/أبرز-صور-مباراة-بيراميدز-ضد-الجيش-الملكي/ss-AA17oXR0","locale":"ar-eg","isLocalContent":false,"publishedDateTime":"2023-02-12T21:57:03Z","feed":{"id":"Y_0c4eeb8e-89b3-446a-b032-1f62a41b6f4e","feedName":"المغرب","lastFreActionTimestamp":0},"isFeatured":false,"images":[{"width":980,"height":588,"url":"https://th.bing.com/th?id=ORMS.3d8509c6c4870c4c5301f6af12588867&pid=Wdp","title":"بيراميدز - الجيش الملكي - عبد الله السعيد","caption":"بيراميدز - الجيش الملكي - عبد الله السعيد","focalRegion":{"x1":246,"x2":246,"y1":140,"y2":140},"source":"msn","colorSamples":[{"isDarkMode":true,"hexColor":"#364D61","isGreyScale":false},{"isDarkMode":false,"hexColor":"#DAD8D9","isGreyScale":false}]}],"colorSamples":[{"isDarkMode":true,"hexColor":"#364D61","isGreyScale":false},{"isDarkMode":false,"hexColor":"#DAD8D9","isGreyScale":false}],"provider":{"id":"AAjyDY","name":"في الجول","logoUrl":"https://img-s-msn-com.akamaized.net/tenant/amp/entityid/BB5gNl1.img","profileId":"vid-874ukxrx235cp8nertqrp76afvada2dyrqq7r7nf8is5acaij50a"},"category":"sports","reactionSummary":{"totalCount":8,"subReactionSummaries":[{"totalCount":4,"type":"upvote"},{"totalCount":4,"type":"downvote"}]},"reactionStatus":"on","commentStatus":"off","subscriptionProductType":"undefined","position":0,"cardId":12,"notificationState":"undefined"}]},{"template":"halfu","cards":[{"id":"AA17qfkJ","type":"article","title":"10 طرق تُساعدك على زيادة دخلك","abstract":"فهرس الصفحةزيادة دخلكطرق تُساعدك على زيادة دخلكأثناء قيامك ببناء حياتك المهنية والتخطيط لمستقبلك، قد يُساعدك القليل من المال الإضافي على أن تُطور حياتك المهنية وتُخطط لمستقبلك بشكل أفضل. تابع قراءة السطور التالية للتعرّف على بعض الطرق التي تُمكنك من زيادة دخلك.زيادة دخلكأثناء قيامك ببناء حياتك المهن","url":"https://www.msn.com/ar-eg/news/other/10-طرق-تُساعدك-على-زيادة-دخلك/ar-AA17qfkJ","locale":"ar-eg","isLocalContent":false,"publishedDateTime":"2023-02-13T08:54:00Z","feed":{"id":"Y_191cbeea-1dd7-47cb-b108-9af4f9438107","feedName":"المال","lastFreActionTimestamp":0},"isFeatured":false,"colorSamples":[{"isDarkMode":true,"hexColor":"#124068","isGreyScale":false},{"isDarkMode":false,"hexColor":"#E8F4FF","isGreyScale":false}],"provider":{"id":"BB5uJCa","name":"القيادي","logoUrl":"https://img-s-msn-com.akamaized.net/tenant/amp/entityid/BBhDiIo.img","profileId":"vid-jjyp4p6behhua9m8enc7wdrva4fgh4g47w9ak93ka5fe5ved8fja"},"category":"news","reactionSummary":{"totalCount":0},"reactionStatus":"on","commentStatus":"off","subscriptionProductType":"undefined","position":0,"cardId":13,"notificationState":"undefined"},{"id":"AA17owR9","type":"article","title":"تظاهرة كبرى في مدريد دفاعاً عن نظام الصحة العام","abstract":"شارك مئات آلاف الأشخاص في تظاهرة في مدريد الأحد، دفاعاً عن نظام الصحة العام في منطقة العاصمة الإسبانية، والذي يعاني منذ أشهر بسبب نقص الموظفين والمستلزمات. ونظمت تجمعات من السكان التظاهرة وهي الثالثة خلال ثلاثة أشهر في العاصمة الإسبانية، بعد تظاهرة في 15 كانون الثاني/يناير وأخرى في 13 تشرين الثاني/نوفمبر ضمت 200 ألف شخص، وفقًا للسلطات المحلية.","url":"https://www.msn.com/ar-eg/news/featured/تظاهرة-كبرى-في-مدريد-دفاعاً-عن-نظام-الصحة-العام/ar-AA17owR9","locale":"ar-eg","isLocalContent":false,"publishedDateTime":"2023-02-12T16:19:07Z","feed":{"id":"Y_f0b2474a-371f-43d9-af63-0d2177d40b72","feedName":"أخبار العالم","lastFreActionTimestamp":0},"isFeatured":false,"images":[{"width":768,"height":512,"url":"https://th.bing.com/th?id=ORMS.97e69fe515545c70345910b5b3bd86c6&pid=Wdp","title":"مئات آلاف المتظاهرين في ساحة سيبيل في مدريد للدفاع عن نظام الصحة العام، في 12 شباط/فبراير 2023","caption":"مئات آلاف المتظاهرين في ساحة سيبيل في مدريد للدفاع عن نظام الصحة العام، في 12 شباط/فبراير 2023","source":"msn","colorSamples":[{"isDarkMode":true,"hexColor":"#2E2923","isGreyScale":false},{"isDarkMode":false,"hexColor":"#C8D8E0","isGreyScale":false}]}],"colorSamples":[{"isDarkMode":true,"hexColor":"#2E2923","isGreyScale":false},{"isDarkMode":false,"hexColor":"#C8D8E0","isGreyScale":false}],"provider":{"id":"AA5ZTIC","name":"AFP","logoUrl":"https://img-s-msn-com.akamaized.net/tenant/amp/entityid/BB18qTPD.img","profileId":"vid-3kv7h73mtcdhywg28d4f9ihgi4xcniq2ubb83iikdu3qwmbd73pa","lightThemeSVGLogo":{"width":38,"height":12,"url":"https://cdn.query.prod.cms.msn.com/cms/api/amp/binary/AA13gP70"},"darkThemeSVGLogo":{"width":38,"height":12,"url":"https://cdn.query.prod.cms.msn.com/cms/api/amp/binary/AA13gP70-dark"}},"category":"news","reactionSummary":{"totalCount":0},"reactionStatus":"on","commentStatus":"off","subscriptionProductType":"undefined","position":0,"cardId":14,"notificationState":"undefined"}]},{"template":"halfu","cards":[{"id":"AA17qr7a","type":"article","title":"أمن القاهرة يضبط 4 أشخاص بحوزتهم مواد مخدرة","abstract":"كتب- علاء عمران: تمكنت الأجهزة الأمنية بمديرية أمن القاهرة من ضبط (3 أشخاص \"لأحدهم معلومات جنائية\") حال تواجدهم بدائرة قسم شرطة عين شمس مستقلين سيارة ملك أحدهم وبحوزتهم (فرد خرطوش – طلقات نارية - كمية من مخدر الحشيش - مبلغ مالي- 3 هاتف محمول). كما تم ضبط أحد الأشخاص، حال استقلاله سيارة بدائرة قسم شرطة الزاوية وبحوزته (كمية من مخدري البودر والآيس - مبلغ مالي- 2 هاتف محمول). تم اتخاذ الإجراءات القانونية، ويأتي ذلك في إطار جهود أجهزة وزارة الداخلية...","url":"https://www.msn.com/ar-eg/news/national/أمن-القاهرة-يضبط-4-أشخاص-بحوزتهم-مواد-مخدرة/ar-AA17qr7a","locale":"ar-eg","isLocalContent":false,"publishedDateTime":"2023-02-13T15:19:43Z","feed":{"id":"Y_c6f49be7-64e4-4bf7-bd37-c5f431f734c0","feedName":"أخبار مصر","lastFreActionTimestamp":0},"isFeatured":false,"images":[{"width":740,"height":555,"url":"https://th.bing.com/th?id=ORMS.0e42149536da63cdb076a821d75dd7f1&pid=Wdp","title":"مخدر الحشيش","caption":"مخدر الحشيش","source":"msn","colorSamples":[{"isDarkMode":true,"hexColor":"#5D5033","isGreyScale":false},{"isDarkMode":false,"hexColor":"#D5D7D7","isGreyScale":false}]}],"colorSamples":[{"isDarkMode":true,"hexColor":"#5D5033","isGreyScale":false},{"isDarkMode":false,"hexColor":"#D5D7D7","isGreyScale":false}],"provider":{"id":"BB2isci","name":"مصراوي","logoUrl":"https://img-s-msn-com.akamaized.net/tenant/amp/entityid/BB16c4aH.img","profileId":"vid-h3vbvi5n424erfbr57n2t70sdm47nahb4ymxa527687t6h29feks"},"category":"news","reactionSummary":{"totalCount":3,"subReactionSummaries":[{"totalCount":2,"type":"downvote"},{"totalCount":1,"type":"upvote"}]},"reactionStatus":"on","commentStatus":"off","subscriptionProductType":"undefined","position":0,"cardId":15,"notificationState":"undefined"},{"id":"AA17qoLH","type":"article","title":"ستولتنبرج: الهجوم الروسي الجديد بدأ بالفعل في أوكرانيا","abstract":"بروكسل (رويترز) - قال ينس ستولتنبرج الأمين العام لحلف شمال الأطلسي للصحفيين يوم الاثنين إن الهجوم الروسي الكبير الذي كان يُخشى وقوعه في أوكرانيا قد بدأ بالفعل بعد عام تقريبا من بدء الحرب. وقال \"لا نرى على الإطلاق ما يشير إلى أن الرئيس (الروسي فلاديمير) بوتين مستعد للسلام... ما نراه هو أن الرئيس بوتين وروسيا ما زالا يريدان السيطرة على أوكرانيا\"، مضيفا \"نرى كيف ينقلون مزيدا من القوات والأسلحة","url":"https://www.msn.com/ar-eg/news/world/ستولتنبرج-الهجوم-الروسي-الجديد-بدأ-بالفعل-في-أوكرانيا/ar-AA17qoLH","locale":"ar-ae","isLocalContent":false,"publishedDateTime":"2023-02-13T14:04:57Z","feed":{"id":"Y_f0b2474a-371f-43d9-af63-0d2177d40b72","feedName":"أخبار العالم","lastFreActionTimestamp":0},"isFeatured":false,"images":[{"width":800,"height":533,"url":"https://th.bing.com/th?id=ORMS.9a8e449ae24462554e58dd6cd386ae0a&pid=Wdp","title":"ستولتنبرج: الهجوم روسي الجديد بدأ بالفعل في أوكرانيا","caption":"ستولتنبرج: الهجوم روسي الجديد بدأ بالفعل في أوكرانيا","focalRegion":{"x1":102,"x2":254,"y1":251,"y2":403},"source":"msn","colorSamples":[{"isDarkMode":true,"hexColor":"#3646B0","isGreyScale":false},{"isDarkMode":false,"hexColor":"#E9CDD7","isGreyScale":false}]}],"colorSamples":[{"isDarkMode":true,"hexColor":"#3646B0","isGreyScale":false},{"isDarkMode":false,"hexColor":"#E9CDD7","isGreyScale":false}],"provider":{"id":"AAf3a78","name":"Reuters","logoUrl":"https://img-s-msn-com.akamaized.net/tenant/amp/entityid/AACl6Lf.img","profileId":"vid-mpxsw8rp392wedf25t8tfhk7r3b364q8dj75ks43nimmf06qg2es"},"category":"news","reactionSummary":{"totalCount":0},"reactionStatus":"on","commentStatus":"off","subscriptionProductType":"undefined","position":0,"cardId":16,"notificationState":"undefined"}]},{"template":"halfu","cards":[{"id":"AA17qD8D","type":"video","title":"تحقيق مكسيكي بعد العثور على قط فرعوني في أحد السجون","abstract":"قررت السلطات المكسيكية الاعتناء بقط فرعوني عثر عليه وهو يتجول داخل سجن سيريسو 3 في مدينة سيوداد خواريز، وبعد إنقاذه وضعته في ملجأ دون عرضه للتبني كونه جزءا من تحقيق حكومي.","url":"https://www.msn.com/ar-eg/video/watch/تحقيق-مكسيكي-بعد-العثور-على-قط-فرعوني-في-أحد-السجون/vi-AA17qD8D","locale":"ar-ae","isLocalContent":false,"publishedDateTime":"2023-02-13T13:46:25Z","feed":{"id":"Y_0c4eeb8e-89b3-446a-b032-1f62a41b6f4e","feedName":"المغرب","lastFreActionTimestamp":0},"isFeatured":false,"images":[{"width":768,"height":432,"url":"https://th.bing.com/th?id=ORMS.7e5b4f277640adb50c4282478d4e8b01&pid=Wdp","title":"تحقيق مكسيكي بعد العثور على قط فرعوني في أحد السجون","focalRegion":{"x1":170,"x2":265,"y1":140,"y2":235},"source":"msn","colorSamples":[{"isDarkMode":true,"hexColor":"#E1D3DA","isGreyScale":false},{"isDarkMode":false,"hexColor":"#E1D3DA","isGreyScale":false}]}],"colorSamples":[{"isDarkMode":true,"hexColor":"#E1D3DA","isGreyScale":false},{"isDarkMode":false,"hexColor":"#E1D3DA","isGreyScale":false}],"provider":{"id":"AAf3a78","name":"Reuters","logoUrl":"https://img-s-msn-com.akamaized.net/tenant/amp/entityid/AACl6Lf.img","profileId":"vid-mpxsw8rp392wedf25t8tfhk7r3b364q8dj75ks43nimmf06qg2es"},"category":"video","reactionSummary":{"totalCount":6,"subReactionSummaries":[{"totalCount":4,"type":"downvote"},{"totalCount":1,"type":"love"},{"totalCount":1,"type":"upvote"}]},"reactionStatus":"on","commentStatus":"off","subscriptionProductType":"undefined","position":0,"cardId":17,"notificationState":"undefined"},{"id":"AA17pBMO","type":"article","title":"طريقة عمل عصير البنجر والفراولة","abstract":"يعتبر طريقة عمل عصير البنجر والفراولة من أهم المشروبات التي تقوي مناعة الجسم، وذلك يرجع الفوائد والفيتامينات المتعددة ومضادات الأكسدة الموجودة بهم، كما أنه يعزز من طاقة الجسم، تعرفي على طريقة تحضير المشروب خطوة بخطوة ويمكنك تقديمه بجانب قطعة من كيك الطيبين الشهية.","url":"https://www.msn.com/ar-eg/foodanddrink/other/طريقة-عمل-عصير-البنجر-والفراولة/ar-AA17pBMO","locale":"ar-ae","isLocalContent":false,"publishedDateTime":"2023-02-13T04:42:00Z","feed":{"id":"Y_8b365af4-b6c3-4a79-b8dc-6e780cbc8ecf","feedName":"نمط الحياة","lastFreActionTimestamp":0},"isFeatured":false,"images":[{"width":250,"height":250,"url":"https://th.bing.com/th?id=ORMS.20fff341dd6ea862d59660a5caf08e05&pid=Wdp","title":"طريقة عمل عصير البنجر والفراولة","caption":"طريقة عمل عصير البنجر والفراولة","source":"msn","colorSamples":[{"isDarkMode":true,"hexColor":"#DCE4E4","isGreyScale":false},{"isDarkMode":false,"hexColor":"#DCE4E4","isGreyScale":false}]}],"colorSamples":[{"isDarkMode":true,"hexColor":"#DCE4E4","isGreyScale":false},{"isDarkMode":false,"hexColor":"#DCE4E4","isGreyScale":false}],"provider":{"id":"AAiDp25","name":"Yummy","logoUrl":"https://img-s-msn-com.akamaized.net/tenant/amp/entityid/AAkECqm.img","profileId":"vid-xjrncsdm4hkj0hprey2pn9v5gf7wjkvav828ef9t4msusywjkscs"},"category":"foodanddrink","reactionSummary":{"totalCount":1,"subReactionSummaries":[{"totalCount":1,"type":"upvote"}]},"reactionStatus":"on","commentStatus":"off","subscriptionProductType":"undefined","position":0,"cardId":18,"notificationState":"undefined"}]}],"useRotPos":false,"templateVariant":"prg-1sw-8sd3rac-demotion"}},"isPartial":false}