{
  "aboutPrivacyStatementLinkText": "Microsoft 隱私權聲明",
  "aboutTermsOfUseLinkText": "Microsoft Edge 使用條款",
  "affirmDisclaimerLinkText": "連絡人確認",
  "affirmDisclaimerText": "Affirm 卡是限定用途的虛擬卡片，由 FDIC 成員 Cross River Bank 或 Affirm 貸款服務 LLC 提供資金，具體視您的貸款合約條款規定，且根據 Visa U.S.A. Inc. 授權，由 FDIC 成員 Sutton Bank 核發。Affirm 卡由 Marqeta 發行。若有任何問題，請$1。",
  "affirmLogoDesc": "立即購買，並透過 Affirm 先使用後付款",
  "affirmPolicy": "繼續即表示您同意 $1，並同意根據 $2 將您的購買總金額及購買地點分享給 Affirm。",
  "cancel": "取消",
  "challengeDescriptionAPPToAPP": "登入您的線上銀行應用程式以接收驗證碼。",
  "challengeDescriptionCustomerService": "請以 $1 去電您的銀行以收到驗證碼。",
  "challengeDescriptionEmail": "您的銀行正在將驗證碼傳送至您的電子郵件地址 $1。",
  "challengeDescriptionOnlineBanking": "請在下方輸入您自銀行收到的代碼。",
  "challengeDescriptionOutboundCall": "您的銀行正在撥打您的行動電話號碼 $1 含有驗證碼。",
  "challengeDescriptionSMS": "您的銀行正在將驗證碼傳送至您的行動電話號碼 $1。",
  "close": "關閉",
  "commonSubtitle": "查看您是否符合先使用後付款的資格",
  "feedbackOptionAutofillDontWork": "無法使用自動填滿",
  "feedbackOptionOthers": "其他",
  "feedbackOptionTookTooMuchTime": "花費太多時間",
  "klarnaDisclaimerText": "Klarna Visa ® 商業卡是由 FDIC 成員 Sutton Bank 根據 Visa U.S.A Inc. 授權核發。本 Klarna 卡是由 Marqeta 提供。客戶服務 $1",
  "klarnaFeeTermLinkText": "Klarna 稍候會以 $1 支付",
  "klarnaLogoDesc": "透過 Klarna 省錢。",
  "klarnaPolicy": "繼續即表示您同意 $1，並同意根據 $2 將您的購買總金額及購買地點分享給 Klarna。",
  "learnMore": "深入了解",
  "manageYourPaymentMethodsLinkText": "管理您的付款方式",
  "msPayAddCardAgreement": "一旦繼續，即表示您同意 $1、$2 和 $3 關於如何處理您的資料。",
  "paymentServiceTermsLinkText": "付款服務條款",
  "tokenizationTerms": "一旦繼續，即表示您同意 $1。",
  "tokenizeCardBack": "上一步",
  "tokenizeCardChallengeMethodAPPToAPP": "行動銀行應用程式",
  "tokenizeCardChallengeMethodCustomerService": "銀行客戶服務中心",
  "tokenizeCardChallengeMethodEmail": "電子郵件",
  "tokenizeCardChallengeMethodOnlineBanking": "銀行帳戶",
  "tokenizeCardChallengeMethodOutboundCall": "電話",
  "tokenizeCardChallengeMethodSMS": "簡訊",
  "tokenizeCardCvvInvalidError": "請驗證您的安全性驗證碼，然後再試一次。",
  "tokenizeCardEnterCode": "輸入代碼",
  "tokenizeCardEnterCodeStepTitle": "讓我們為您進行驗證",
  "tokenizeCardEnterCvvStepDescription": "您的銀行要求您驗證以 $2 結尾並與 $1 相關聯的 CVV 安全性驗證碼。",
  "tokenizeCardErrorStepTitle": "發生錯誤",
  "tokenizeCardFetchCodeError": "您的發卡機構在傳送代碼時發生問題。要求其他驗證碼或使用其他驗證方法。",
  "tokenizeCardFetchCodeErrorCustomerService": "您的發卡機構在產生代碼時發生問題。請嘗試其他驗證方法，或稍後再試一次。",
  "tokenizeCardGeneralError": "您的發卡機構目前發生問題，請稍後再試。",
  "tokenizeCardLoadingTitle": "正在連絡您的銀行…",
  "tokenizeCardNext": "下一步",
  "tokenizeCardResendCode": "重新傳送代碼",
  "tokenizeCardSelectMethodDescription": "請選擇下列之一的驗證方法:",
  "tokenizeCardSelectMethodStepTitle": "讓我們為您進行驗證",
  "tokenizeCardSendingCode": "代碼已傳送!",
  "tokenizeCardTryAgain": "再試一次",
  "tokenizeCardValidationError": "您的發卡機構無法驗證。請稍後再試一次。",
  "tokenizeCardVerify": "驗證",
  "tokenizeCardVerifyWithAnotherMethod": "使用其他方法驗證",
  "tokenizeCardVerifying": "正在驗證",
  "walletDrawerAutoFillErrorMessage": "無法 $1 自動填滿您的 $1 卡片資訊。請在結帳時手動輸入您的 $1 卡片資訊。",
  "walletDrawerAutoFillMessage": "我們已自動填入您的 $1 卡片資訊。",
  "walletDrawerCvcLabel": "CVC",
  "walletDrawerExpirationLabel": "到期日",
  "walletDrawerLabelCopyCardNumber": "複製卡號",
  "walletDrawerLabelCopyCvc": "複製 CVC",
  "walletDrawerLabelCopyNameAddress": "複製姓名及地址",
  "walletDrawerLabelShowCardNumber": "顯示卡號",
  "walletDrawerLabelShowCvc": "顯示 CVC",
  "walletDrawerLabelShowExpirationDate": "複製到期日",
  "walletDrawerLinkErrorMessage": "無法將您的 Microsoft 帳戶連結至 $1。請稍後再試。",
  "walletDrawerNameAndAddressLabel": "您的姓名與帳單地址",
  "walletDrawerPayWithVirtualCard": "使用您的 $1 $2 卡付款",
  "walletDrawerSystemErrorHeader": "糟糕",
  "walletDrawerVirtualCardNumberLabel": "虛擬卡號",
  "walletFeedbackThankYouText": "感謝您的意見反應。這將協助我們改進電子錢包。",
  "walletMicrofeedbackPrompt": "滿意電子錢包嗎?",
  "zipFeeTermLinkText": "Zip 的服務條款",
  "zipLogoDesc": "Zip、立即購買，稍後付款",
  "zipPolicy": "繼續即表示您同意我們的 $1，並同意根據 $2 將您的購買總金額分享給 Zip。"
}