{
  "aboutPrivacyStatementLinkText": "Declaración de privacidad de Microsoft",
  "aboutTermsOfUseLinkText": "Términos de uso de Microsoft Edge",
  "affirmDisclaimerLinkText": "Ponerme en contacto con Affirm",
  "affirmDisclaimerText": "La tarjeta Affirm es una tarjeta virtual de uso limitado con fondos de Cross River Bank, FDIC o Affirm Loan Services, LLC, en función de los términos del contrato de préstamo, y emitida por Sutton Bank, banco miembro de FDIC, en virtud de una licencia emitida por Visa U.S.A Inc. La tarjeta Affirm cuenta con tecnología de Marqeta. $1 si tienes alguna pregunta.",
  "affirmLogoDesc": "Compra ahora y paga después con Affirm",
  "affirmPolicy": "Al continuar, aceptas $1 y reconoces que el importe total de la compra y el sitio de la compra se compartirá con Affirm, de acuerdo con $2.",
  "cancel": "Cancelar",
  "challengeDescriptionAPPToAPP": "Inicia sesión en tu aplicación de banca en línea para recibir un código de verificación.",
  "challengeDescriptionCustomerService": "Llama a tu banco al $1 para recibir un código de verificación.",
  "challengeDescriptionEmail": "Tu banco te está enviando un código de verificación a tu dirección de correo electrónico $1.",
  "challengeDescriptionOnlineBanking": "Introduce a continuación el código que recibiste de tu banco.",
  "challengeDescriptionOutboundCall": "Tu banco llamará a tu número de teléfono móvil $1 con un código de verificación.",
  "challengeDescriptionSMS": "Tu banco te está enviando un código de verificación a tu número de teléfono móvil $1.",
  "close": "Cerrar",
  "commonSubtitle": "Comprueba si cumples los requisitos para pagar después",
  "feedbackOptionAutofillDontWork": "Error al autorrellenar",
  "feedbackOptionOthers": "Otro",
  "feedbackOptionTookTooMuchTime": "Se tardó demasiado tiempo",
  "klarnaDisclaimerText": "La tarjeta Klarna Visa® Commercial Card es emitida por Sutton Bank, banco miembro de la Corporación Federal de Seguro de Depósitos (FDIC), en virtud de una licencia emitida por Visa U.S.A Inc. La tarjeta Klarna cuenta con tecnología de Marqeta. Atención al cliente $1",
  "klarnaFeeTermLinkText": "\"Paga después\" de Klarna en $1",
  "klarnaLogoDesc": "Ahorra dinero con Klarna.",
  "klarnaPolicy": "Al continuar, aceptas $1 y reconoces que el importe total de la compra y el sitio de la compra se compartirá con Klarna, de acuerdo con $2.",
  "learnMore": "Obtener más información",
  "manageYourPaymentMethodsLinkText": "Administrar los métodos de pago",
  "msPayAddCardAgreement": "Al continuar, acepta pagar 1, 2 USD y 3 USD relativos a cómo se administran sus datos.",
  "paymentServiceTermsLinkText": "Términos del servicio de pago",
  "tokenizationTerms": "Al continuar, aceptas el $1.",
  "tokenizeCardBack": "Atrás",
  "tokenizeCardChallengeMethodAPPToAPP": "Aplicación de banca móvil",
  "tokenizeCardChallengeMethodCustomerService": "Servicio de atención al cliente del banco",
  "tokenizeCardChallengeMethodEmail": "Correo electrónico",
  "tokenizeCardChallengeMethodOnlineBanking": "Cuenta bancaria",
  "tokenizeCardChallengeMethodOutboundCall": "Llamada telefónica",
  "tokenizeCardChallengeMethodSMS": "Mensaje de texto",
  "tokenizeCardCvvInvalidError": "Comprueba el código de seguridad e inténtalo de nuevo.",
  "tokenizeCardEnterCode": "Introducir código",
  "tokenizeCardEnterCodeStepTitle": "Vamos a realizar la comprobación",
  "tokenizeCardEnterCvvStepDescription": "Tu banco requiere que compruebes el código de seguridad CVV asociado a tu $1 que termina en $2.",
  "tokenizeCardErrorStepTitle": "Hubo un problema",
  "tokenizeCardFetchCodeError": "El emisor de la tarjeta tuvo un problema para enviar el código. Solicite otro código o use otro método de verificación.",
  "tokenizeCardFetchCodeErrorCustomerService": "El emisor de la tarjeta tuvo un problema al generar el código. Pruebe con otro método de verificación o inténtelo de nuevo más tarde.",
  "tokenizeCardGeneralError": "El emisor de la tarjeta tiene problemas en este momento. Vuelve a intentarlo más tarde.",
  "tokenizeCardLoadingTitle": "Contactando con tu banco...",
  "tokenizeCardNext": "Siguiente",
  "tokenizeCardResendCode": "Reenviar código",
  "tokenizeCardSelectMethodDescription": "Elige uno de los métodos de comprobación siguientes:",
  "tokenizeCardSelectMethodStepTitle": "Vamos a realizar la comprobación",
  "tokenizeCardSendingCode": "Código enviado",
  "tokenizeCardTryAgain": "Volver a intentarlo",
  "tokenizeCardValidationError": "El emisor de la tarjeta no pudo comprobarlo. Inténtalo de nuevo en breve.",
  "tokenizeCardVerify": "Comprobar",
  "tokenizeCardVerifyWithAnotherMethod": "Comprobar con otro método",
  "tokenizeCardVerifying": "Verificando",
  "walletDrawerAutoFillErrorMessage": "No podemos rellenar automáticamente la información de tu tarjeta desde $1. Escribe manualmente esta información de $1 durante la finalización de la compra.",
  "walletDrawerAutoFillMessage": "Hemos rellenado automáticamente la información de la tarjeta desde $1.",
  "walletDrawerCvcLabel": "CVC",
  "walletDrawerExpirationLabel": "Expiración",
  "walletDrawerLabelCopyCardNumber": "Copiar número de la tarjeta",
  "walletDrawerLabelCopyCvc": "Copiar CVC",
  "walletDrawerLabelCopyNameAddress": "Copiar nombre y dirección",
  "walletDrawerLabelShowCardNumber": "Mostrar número de tarjeta",
  "walletDrawerLabelShowCvc": "Mostrar CVC",
  "walletDrawerLabelShowExpirationDate": "Copiar fecha de expiración",
  "walletDrawerLinkErrorMessage": "No podemos vincular tu cuenta Microsoft a $1. Vuelve a intentarlo más tarde.",
  "walletDrawerNameAndAddressLabel": "Tu nombre y dirección de facturación",
  "walletDrawerPayWithVirtualCard": "Pagar con tu tarjeta $1 $2",
  "walletDrawerSystemErrorHeader": "¡Vaya!",
  "walletDrawerVirtualCardNumberLabel": "Número de tarjeta virtual",
  "walletFeedbackThankYouText": "Gracias por los comentarios. Nos ayudará a mejorar Cartera.",
  "walletMicrofeedbackPrompt": "¿Estás satisfecho con Cartera?",
  "zipFeeTermLinkText": "Términos del servicio de Zip",
  "zipLogoDesc": "Zip, compra ahora, paga después",
  "zipPolicy": "Al continuar, aceptas nuestros $1 y reconoces que el importe total de la compra se compartirá con Zip, de acuerdo con $2."
}