{
  "providers": {
    "visa": {
      "eligible_sites": [
        "microsoft.com",
        "skype.com",
        "github.com",
        "linkedin.com",
        "minecraft.net",
        "xbox.com"
      ],
      "ineligible_sites": []
    },
    "mastercard": {
      "eligible_sites": [],
      "ineligible_sites": [
        "acornonline.com",
        "aladdinbroadwaymerchandise.com",
        "alamo.com",
        "allposters.com",
        "allswellhome.com",
        "arbys.com",
        "art.com",
        "autozone.com",
        "basbleu.com",
        "baskinrobbins.com",
        "bbhosted.com",
        "beenverified.com",
        "bestbuy.com",
        "bestbuybusiness.com",
        "bloomingdales.com",
        "bonobos.com",
        "buffalowildwings.com",
        "bumper.com",
        "carters.com",
        "caseys.com",
        "catalogclassicsvipinsider.com",
        "craigmedical.com",
        "credit.com",
        "creditrepair.com",
        "curascriptsd.com",
        "d23.com",
        "daedalusbooks.com",
        "disney.com",
        "disneydrop.com",
        "disneyonbroadway.com",
        "disneyplus.com",
        "dollargeneral.com",
        "dominos.com",
        "dsw.com",
        "dunkindonuts.com",
        "eg-america.com",
        "elcapitantheatre.com",
        "eloquii.com",
        "enterprise.com",
        "espn.com",
        "experian.com",
        "express-scripts.com",
        "fedex.com",
        "firehousesubs.com",
        "firekeeperscasino.com",
        "go.com",
        "greatcall.com",
        "hayneedle.com",
        "hobbylobby.com",
        "hulu.com",
        "jcpenney.com",
        "jimmyjohns.com",
        "knowthycustomer.com",
        "kohls.com",
        "lexingtonlaw.com",
        "littlecaesars.com",
        "lively.com",
        "macys.com",
        "macysbackstage.com",
        "mardel.com",
        "market-pay.com",
        "marvel.com",
        "modcloth.com",
        "moosejaw.com",
        "mountainsteals.com",
        "nationalcar.com",
        "nationalcellulardirectory.com",
        "nationalgeographic.com",
        "netflix.com",
        "nordstrom.ca",
        "nordstrom.com",
        "nordstromrack.com",
        "numberguru.com",
        "officedepot.com",
        "oshkosh.com",
        "ownerly.com",
        "payitgov.com",
        "peoplelooker.com",
        "peoplesmart.com",
        "pixar.com",
        "playstation.com",
        "printtimeaz.com",
        "progrexion.com",
        "publix.com",
        "rustytaco.com",
        "samsclub.com",
        "shopdisney.com",
        "shoppbs.org",
        "signals.com",
        "signalsvipinsider.com",
        "skiphop.com",
        "sonicdrivein.com",
        "starplus.com",
        "supportplus.com",
        "supportplusvipinsider.com",
        "t-mobile.com",
        "techliquidators.com",
        "thewirelesscatalog.com",
        "tractorsupply.com",
        "triseptsolutions.com",
        "twitch.tv",
        "ucdp.net",
        "universalorlando.com",
        "universalorlandovacations.com",
        "universalscreenarts.com",
        "universalstudioshollywood.com",
        "urbanoutfitters.com",
        "ushtickets.com",
        "ushtix.com",
        "usps.com",
        "vaxvacationaccess.com",
        "vincecamuto.com",
        "walmart.com",
        "waltdisneystudios.com",
        "wendys.com",
        "whatonearthcatalog.com",
        "whatonearthvipinsider.com",
        "wirelessvipinsider.com"
      ],
      "not_ready_sites": [
        "ae.com",
        "aerie.com",
        "blueapron.com",
        "gamestop.com"
      ]
    }
  },
  "virtual_card_ui": {
    "eligible_sites": [],
    "ineligible_sites": [
      "deruorderonline.com"
    ]
  }
}