{
  "addNewAddressTitle": "新しいアドレスを追加",
  "addNewCardDisabledTooltipTitle": "新しいカードを追加できない理由",
  "addNewCardDisabledTooltipTitleContent": "新しいカードを追加するには、$1 で設定を更新します。",
  "backToWorkflow": "$1 に戻る",
  "billingInformation": "請求条件",
  "cardDetailsTitle": "カードの詳細",
  "creditCardSyncSuccessTokenizationNotEligible": "$1 がMicrosoft アカウントに保存されましたが、仮想カード番号は現在サポートされていません",
  "creditCardTokenizationSuccess": "完了しました! これで、カードは Edge によって保護されました。",
  "enrollCardToMSA": "Edge で支払いを行う場合に、すべてのデバイスでこのカードにアクセスできます。",
  "enrollCardToMSATitle": "Microsoft アカウントに保存しますか?",
  "enrollCardToMSAWithEligibleTitle": "カードの利便性と安全性を高める",
  "enrollCardTokenized": "購入を仮想カードで保護し、マーチャントにカード番号が表示されないようにします。",
  "enrollCardTokenizedTitle": "カードの安全性を高める",
  "gotoMicrosoftAccount": "Microsoft アカウントに移動",
  "nicknamePlaceholder": "ニックネームの入力",
  "nicknameSectionTitle": "カードのニックネーム",
  "recentChanges": "最近加えられた変更",
  "removeCard": "カードを削除",
  "removeCardFromMSA": "この支払い方法は、アクティブなサブスクリプションに関連付けられています。ウォレットからこのカードを削除するには、まず Microsoft アカウントのサブスクリプションを新しい支払い方法に変更する必要があります。",
  "removeCardFromWalletHub": "ウォレットからこのカードを削除しますか?",
  "tokenHistoryCreateCurrentValueLabel": "新しいカード番号は $1 で終わります",
  "tokenHistoryCreatePreviousValueLabel": "古いカード番号は $1 で終了しました",
  "tokenHistoryCreateTitle": "仮想カード番号が $1 で更新されました",
  "tokenHistoryExpirationDateChangeLabel": "$1 で有効期限が切れます",
  "tokenHistoryExpirationDateChangeTitle": "カードの有効期限が更新されました",
  "tokenHistoryUpdateLabel": "仮想カードは $1 で終了します",
  "tokenHistoryUpdateTitle": "仮想カードが生成されました。",
  "tokenizedSuccessModalDescription": "これで、Edge でチェックアウトするときに自動的に挿入される仮想カード番号がカードに追加されました。",
  "tokenizedSuccessModalTitle": "仮想カードがアクティブになりました!",
  "updateBillingInformationSuccess": "すべて完了しました。課金情報が更新されました",
  "updateTokenizedCardBillingAddressFailed": "カードの住所を更新できません。情報が正しいことを確認して、もう一度やり直してください。",
  "updateTokenizedPartialCardCvvRequired": "このカードを更新するには、$1 に関連付けられている CVV セキュリティ コードを $2 で終わるものに入力します。",
  "updateVirtualCardNicknameSuccess": "完了しました! ニックネームが更新されました。",
  "updateVirtualCardSuccess": "完了しました! 仮想カードが更新されました",
  "updatingBillingInformation": "課金情報を更新しています...",
  "updatingVirtualCard": "仮想カードを更新しています...",
  "useVirtualCardDescription": "Microsoft Edge で購入する場合は、この仮想カードを使用します。",
  "verifyAndEnroll": "確認と登録",
  "verifyTokenizedModalDescription": "オンライン ショッピング時に、Edge ではカード番号を仮想カード番号に置き換えることができます。マーチャントがデータ侵害を受けた場合、これは実際のカードの詳細を保護するのに役立ちます。カード発行者から確認コードが送信される場合があります。",
  "verifyTokenizedModalTitle": "仮想カードを使用して安全にチェックアウトしますか?",
  "viewHistory": "履歴の表示",
  "virtualCard": "仮想カード",
  "virtualCardHistoryTitle": "仮想カードの履歴"
}