{
  "addNewAddressTitle": "Tambahkan alamat baru",
  "addNewCardDisabledTooltipTitle": "Mengapa saya tidak dapat menambahkan kartu baru?",
  "addNewCardDisabledTooltipTitleContent": "Untuk menambahkan kartu baru, perbarui preferensi Anda di $1.",
  "backToWorkflow": "Kembali ke $1",
  "billingInformation": "Informasi tagihan",
  "cardDetailsTitle": "Detail kartu",
  "creditCardSyncSuccessTokenizationNotEligible": "$1 disimpan ke akun Microsoft Anda namun nomor kartu virtual saat ini tidak didukung",
  "creditCardTokenizationSuccess": "Sudah siap! Kartu Anda sekarang dilindungi oleh Edge.",
  "enrollCardToMSA": "Akses kartu ini untuk pembayaran di Edge pada semua perangkat Anda.",
  "enrollCardToMSATitle": "Simpan ke akun Microsoft?",
  "enrollCardToMSAWithEligibleTitle": "Dapatkan kemudahan dan keamanan yang lebih baik dari kartu Anda",
  "enrollCardTokenized": "Amankan pembelian Anda dengan kartu virtual sehingga penjual tidak dapat melihat nomor kartu Anda.",
  "enrollCardTokenizedTitle": "Dapatkan keamanan yang lebih baik dari kartu Anda",
  "gotoMicrosoftAccount": "Buka akun Microsoft",
  "nicknamePlaceholder": "Masukkan nama panggilan",
  "nicknameSectionTitle": "Nama panggilan kartu",
  "recentChanges": "Perubahan terakhir",
  "removeCard": "Hapus kartu",
  "removeCardFromMSA": "Metode pembayaran ini terkait dengan langganan aktif. Untuk menghapus kartu ini dari Dompet, Anda harus mengubah langganan di akun Microsoft Anda ke metode pembayaran baru terlebih dahulu.",
  "removeCardFromWalletHub": "Apakah Anda yakin ingin menghapus kartu ini dari Dompet Anda?",
  "tokenHistoryCreateCurrentValueLabel": "Nomor kartu baru berakhiran $1",
  "tokenHistoryCreatePreviousValueLabel": "Nomor kartu lama yang berakhiran $1",
  "tokenHistoryCreateTitle": "Nomor kartu virtual Anda telah diperbarui pada $1",
  "tokenHistoryExpirationDateChangeLabel": "Akan kedaluwarsa pada $ 1",
  "tokenHistoryExpirationDateChangeTitle": "Tanggal kedaluwarsa kartu Anda telah diperbarui",
  "tokenHistoryUpdateLabel": "Kartu virtual yang berakhiran $1",
  "tokenHistoryUpdateTitle": "Kartu virtual Anda telah dibuat.",
  "tokenizedSuccessModalDescription": "Kartu Anda sekarang memiliki nomor kartu virtual yang akan dimasukkan secara otomatis saat check out di Edge.",
  "tokenizedSuccessModalTitle": "Kartu virtual diaktifkan!",
  "updateBillingInformationSuccess": "Sudah siap! Informasi tagihan Anda sudah diperbarui",
  "updateTokenizedCardBillingAddressFailed": "Tidak dapat memperbarui alamat kartu. Periksa apakah informasi sudah benar, lalu coba lagi.",
  "updateTokenizedPartialCardCvvRequired": "Untuk memperbarui kartu ini, masukkan kode keamanan CVV yang terkait dengan $1 Anda yang berakhiran $2.",
  "updateVirtualCardNicknameSuccess": "Sudah siap! Nama panggilan Anda telah diperbarui.",
  "updateVirtualCardSuccess": "Sudah siap! Kartu virtual Anda telah diperbarui",
  "updatingBillingInformation": "Memperbarui informasi penagihan…",
  "updatingVirtualCard": "Memperbarui kartu virtual…",
  "useVirtualCardDescription": "Gunakan kartu virtual ini saat melakukan pembelian di Microsoft Edge.",
  "verifyAndEnroll": "Verifikasi dan daftarkan",
  "verifyTokenizedModalDescription": "Saat berbelanja online, Edge dapat mengganti nomor kartu Anda dengan nomor kartu virtual. Jika penjual memiliki pelanggaran data, hal ini dapat membantu melindungi detail kartu asli Anda. Penerbit kartu Anda dapat mengirimkan kode verifikasi.",
  "verifyTokenizedModalTitle": "Check out dengan aman menggunakan kartu virtual?",
  "viewHistory": "Tampilkan riwayat",
  "virtualCard": "Kartu virtual",
  "virtualCardHistoryTitle": "Riwayat kartu virtual"
}