{
  "aboutPrivacyStatementLinkText": "Política de Privacidade da Microsoft",
  "aboutTermsOfUseLinkText": "Termos de Uso do Microsoft Edge",
  "affirmDisclaimerLinkText": "Contactar a Affirm",
  "affirmDisclaimerText": "O Cartão Afirmativo é um cartão virtual de uso limitado e é financiamento pelo Cross River Bank, membro da FDIC ou Affirm Loan Services, empresa de responsabilidade limitada, dependendo dos termos do seu contrato de empréstimo e emitido por Mila Bank, membro da FDIC, de acordo com a licença da Visa U.S.A. Inc. O Cartão da Affirm é emitido pela Marqeta. $1 se você tiver alguma dúvida.",
  "affirmLogoDesc": "Compre agora, pague a longo prazo com a Affirm",
  "affirmPolicy": "Ao continuar, você concorda com $1 e reconhece que o valor total da compra junto com o local em que você comprar será compartilhado com a Affirm, de acordo com $2.",
  "cancel": "Cancelar",
  "challengeDescriptionAPPToAPP": "Entre em seu aplicativo online do banco para receber um código de verificação.",
  "challengeDescriptionCustomerService": "Ligue para seu banco no $1 para receber um código de verificação.",
  "challengeDescriptionEmail": "Seu banco está lhe enviando um código de verificação para seu endereço de email $1.",
  "challengeDescriptionOnlineBanking": "Insira abaixo o código que você recebeu de seu banco.",
  "challengeDescriptionOutboundCall": "Seu banco ligará para seu número de celular $1 com um código de verificação.",
  "challengeDescriptionSMS": "Seu banco está lhe enviando um código de verificação para seu número do telefone celular $1.",
  "close": "Fechar",
  "commonSubtitle": "Confira se está qualificado para pagamento a longo prazo",
  "feedbackOptionAutofillDontWork": "O preenchimento automático não funcionou",
  "feedbackOptionOthers": "Outros",
  "feedbackOptionTookTooMuchTime": "Demorou muito tempo",
  "klarnaDisclaimerText": "O Cartão Comercial Visa Klarna® é emitido pelo Sutton Bank, membro da FDIC, de acordo com uma licença da Visa U.S.A Inc. O Cartão Klarna é da plataforma Marqeta. Serviço de Atendimento ao Cliente $1",
  "klarnaFeeTermLinkText": "Pagar mais tarde em $1 do Klarna",
  "klarnaLogoDesc": "Economize dinheiro com a Klarna.",
  "klarnaPolicy": "Ao continuar, você concorda com $1 e reconhece que o valor total da compra junto com o local em que você comprar será compartilhado com a Klarna, de acordo com $2.",
  "learnMore": "Saiba mais",
  "manageYourPaymentMethodsLinkText": "Gerenciar suas formas de pagamento",
  "msPayAddCardAgreement": "Ao continuar, você concorda com os $1, $2 e $3 sobre como seus dados são tratados.",
  "paymentServiceTermsLinkText": "Termos e Condições de Serviço de Pagamento",
  "tokenizationTerms": "Ao continuar, você concorda com $1.",
  "tokenizeCardBack": "Voltar",
  "tokenizeCardChallengeMethodAPPToAPP": "Aplicativo de dispositivo móvel do banco",
  "tokenizeCardChallengeMethodCustomerService": "Serviço de atendimento ao cliente do banco",
  "tokenizeCardChallengeMethodEmail": "Email",
  "tokenizeCardChallengeMethodOnlineBanking": "Conta bancária",
  "tokenizeCardChallengeMethodOutboundCall": "Chamada telefônica",
  "tokenizeCardChallengeMethodSMS": "Mensagem de texto",
  "tokenizeCardCvvInvalidError": "Verifique seu código de segurança e tente novamente.",
  "tokenizeCardEnterCode": "Inserir código",
  "tokenizeCardEnterCodeStepTitle": "Vamos fazer sua verificação",
  "tokenizeCardEnterCvvStepDescription": "Seu banco exige que você verifique o código de segurança CVV associado ao seu $1 que termina em $2.",
  "tokenizeCardErrorStepTitle": "Algo deu errado",
  "tokenizeCardFetchCodeError": "O emissor do cartão teve um problema ao enviar o código. Solicite outro código ou use um método de verificação diferente.",
  "tokenizeCardFetchCodeErrorCustomerService": "O emissor do cartão teve um problema ao gerar o código. Tente um método de verificação diferente ou tente novamente mais tarde.",
  "tokenizeCardGeneralError": "O emissor de seu cartão está tendo problemas no momento. Tente novamente mais tarde.",
  "tokenizeCardLoadingTitle": "Contatando seu banco...",
  "tokenizeCardNext": "Avançar",
  "tokenizeCardResendCode": "Reenviar código",
  "tokenizeCardSelectMethodDescription": "Escolha um dos seguintes métodos de verificação:",
  "tokenizeCardSelectMethodStepTitle": "Vamos fazer sua verificação",
  "tokenizeCardSendingCode": "Código enviado!",
  "tokenizeCardTryAgain": "Tente novamente",
  "tokenizeCardValidationError": "O emissor de seu cartão não pode fazer a verificação. Tente novamente em breve.",
  "tokenizeCardVerify": "Verificar",
  "tokenizeCardVerifyWithAnotherMethod": "Verificar com outro método",
  "tokenizeCardVerifying": "Verificando",
  "walletDrawerAutoFillErrorMessage": "Não é possível preencher automaticamente as informações do cartão a partir de $1. Insira manualmente as informações do cartão de $1 durante a finalização da compra.",
  "walletDrawerAutoFillMessage": "Preenchemos automaticamente as informações do seu cartão a partir de $1.",
  "walletDrawerCvcLabel": "CVC",
  "walletDrawerExpirationLabel": "Expiração",
  "walletDrawerLabelCopyCardNumber": "Copiar número do cartão",
  "walletDrawerLabelCopyCvc": "Copiar CVC",
  "walletDrawerLabelCopyNameAddress": "Copiar nome e endereço",
  "walletDrawerLabelShowCardNumber": "Mostrar número do cartão",
  "walletDrawerLabelShowCvc": "Mostrar CVC",
  "walletDrawerLabelShowExpirationDate": "Copiar data de validade",
  "walletDrawerLinkErrorMessage": "Não é possível vincular sua conta Microsoft a $1. Tente novamente mais tarde.",
  "walletDrawerNameAndAddressLabel": "Seu nome e endereço para cobrança",
  "walletDrawerPayWithVirtualCard": "Pague com seu cartão $1 $2",
  "walletDrawerSystemErrorHeader": "Ah, não",
  "walletDrawerVirtualCardNumberLabel": "Número do cartão virtual",
  "walletFeedbackThankYouText": "Obrigado por seus comentários. Isso nos ajudará a melhorar a velocidade da Carteira.",
  "walletMicrofeedbackPrompt": "Satisfeito com a Carteira?",
  "zipFeeTermLinkText": "Termos de Serviço do Zip",
  "zipLogoDesc": "Zip, comprar agora, pagar depois",
  "zipPolicy": "Ao continuar, você concorda com nossos $1 e reconhece que o valor total da compra será compartilhado com o Zip, de acordo com $2."
}