{
  "aboutPrivacyStatementLinkText": "Privacyverklaring van Microsoft",
  "aboutTermsOfUseLinkText": "Gebruiksvoorwaarden Microsoft Edge",
  "affirmDisclaimerLinkText": "Contact opnemen met Affirm",
  "affirmDisclaimerText": "De Affirm-kaart is een virtuele kaart voor beperkt gebruik en wordt gefinancierd door Cross River Bank, lid van de FDIC of Affirm Loan Services, LLC, afhankelijk van de voorwaarden van uw kredietovereenkomst, en uitgegeven door Sutton Bank, lid van de FDIC, in overeenstemming met een licentie van Visa U.S.A. Inc. De Affirm-kaart wordt uitgegeven door Marqeta. $1 als u vragen hebt.",
  "affirmLogoDesc": "Koop nu, betaal op termijn met Affirm",
  "affirmPolicy": "Als u doorgaat, gaat u akkoord met $1 en erkent u dat uw totale aankoopbedrag en de locatie waar u winkelt worden gedeeld met Affirm, in overeenstemming met $2.",
  "cancel": "Annuleren",
  "challengeDescriptionAPPToAPP": "Meld u aan bij uw app voor online bankieren om een verificatiecode te ontvangen.",
  "challengeDescriptionCustomerService": "Bel uw bank op $1 om een verificatiecode te ontvangen.",
  "challengeDescriptionEmail": "Uw bank stuurt een verificatiecode naar uw e-mailadres $1.",
  "challengeDescriptionOnlineBanking": "Voer hieronder de code in die u van uw bank hebt ontvangen.",
  "challengeDescriptionOutboundCall": "Uw bank belt uw mobiele telefoonnummer $1 met een verificatiecode.",
  "challengeDescriptionSMS": "Uw bank stuurt een verificatiecode naar uw mobiel telefoonnummer $1.",
  "close": "Sluiten",
  "commonSubtitle": "Kijk of u in aanmerking komt voor gespreide betaling",
  "feedbackOptionAutofillDontWork": "Automatisch invullen werkt niet",
  "feedbackOptionOthers": "Overig",
  "feedbackOptionTookTooMuchTime": "Het duurde ta lang",
  "klarnaDisclaimerText": "De commerciële kaart van Klarna Visa® wordt uitgegeven door Sutton Bank, lid van de FDIC, in overeenstemming met een licentie van Visa U.S.A. Inc. De Klarna-kaart is powered by Marqeta. Klantenservice $1",
  "klarnaFeeTermLinkText": "Klarna Later betalen in $1",
  "klarnaLogoDesc": "Bespaar geld met Klarna.",
  "klarnaPolicy": "Als u doorgaat, gaat u akkoord met $1 en erkent u dat uw totale aankoopbedrag en de locatie waar u winkelt worden gedeeld met Klarna, in overeenstemming met $2.",
  "learnMore": "Meer informatie",
  "manageYourPaymentMethodsLinkText": "Uw betalingswijzen beheren",
  "msPayAddCardAgreement": "Als u doorgaat, gaat u akkoord met de $1, $2 en $3 over de manier waarop uw gegevens worden verwerkt.",
  "paymentServiceTermsLinkText": "Servicevoorwaarden voor betalingen",
  "tokenizationTerms": "Als u doorgaat, gaat u akkoord met de $1.",
  "tokenizeCardBack": "Terug",
  "tokenizeCardChallengeMethodAPPToAPP": "App voor mobiel bankieren",
  "tokenizeCardChallengeMethodCustomerService": "Klantenservice van bank",
  "tokenizeCardChallengeMethodEmail": "E-mailadres",
  "tokenizeCardChallengeMethodOnlineBanking": "Bankrekening",
  "tokenizeCardChallengeMethodOutboundCall": "Telefoongesprek",
  "tokenizeCardChallengeMethodSMS": "Sms-bericht",
  "tokenizeCardCvvInvalidError": "Verifieer uw beveiligingscode en probeer het opnieuw.",
  "tokenizeCardEnterCode": "Code invoeren",
  "tokenizeCardEnterCodeStepTitle": "Laten we u verifiëren",
  "tokenizeCardEnterCvvStepDescription": "Uw bank vereist dat u de CVV-beveiligingscode verifieert die is gekoppeld aan uw $1 eindigend op $2.",
  "tokenizeCardErrorStepTitle": "Er is iets misgegaan",
  "tokenizeCardFetchCodeError": "De uitgever van uw kaart heeft een probleem ondervonden bij het verzenden van de code. Vraag een andere code aan of gebruik een andere verificatiemethode.",
  "tokenizeCardFetchCodeErrorCustomerService": "Uw kaartverlener heeft een probleem ondervonden bij het genereren van de code. Probeer een andere verificatiemethode of probeer het later opnieuw.",
  "tokenizeCardGeneralError": "Uw kaartverlener ondervindt momenteel problemen. Probeer het later opnieuw.",
  "tokenizeCardLoadingTitle": "Contact opnemen met uw bank…",
  "tokenizeCardNext": "Volgende",
  "tokenizeCardResendCode": "Code opnieuw verzenden",
  "tokenizeCardSelectMethodDescription": "Kies een van de volgende verificatiemethoden:",
  "tokenizeCardSelectMethodStepTitle": "Laten we u verifiëren",
  "tokenizeCardSendingCode": "Code verzonden.",
  "tokenizeCardTryAgain": "Opnieuw proberen",
  "tokenizeCardValidationError": "Uw kaartverlener kan niet verifiëren. Probeer het over een ogenblik opnieuw.",
  "tokenizeCardVerify": "Verifiëren",
  "tokenizeCardVerifyWithAnotherMethod": "Verifiëren met een andere methode",
  "tokenizeCardVerifying": "Verifiëren",
  "walletDrawerAutoFillErrorMessage": "Uw kaartgegevens kunnen niet automatisch worden gevuld vanuit $1. Voer uw $1-kaartgegevens handmatig in tijdens het afrekenen.",
  "walletDrawerAutoFillMessage": "Uw kaartgegevens zijn automatisch ingevuld vanaf $1.",
  "walletDrawerCvcLabel": "CVC",
  "walletDrawerExpirationLabel": "Vervaldatum",
  "walletDrawerLabelCopyCardNumber": "Kaartnummer kopiëren",
  "walletDrawerLabelCopyCvc": "CVC kopiëren",
  "walletDrawerLabelCopyNameAddress": "Naam en adres kopiëren",
  "walletDrawerLabelShowCardNumber": "Kaartnummer weergeven",
  "walletDrawerLabelShowCvc": "CVC weergeven",
  "walletDrawerLabelShowExpirationDate": "Vervaldatum kopiëren",
  "walletDrawerLinkErrorMessage": "Uw Microsoft-account kan niet worden gekoppeld aan $1. Probeer het later opnieuw.",
  "walletDrawerNameAndAddressLabel": "Uw naam en factuuradres",
  "walletDrawerPayWithVirtualCard": "Betalen met uw kaart van $1 $2",
  "walletDrawerSystemErrorHeader": "Er is iets misgegaan",
  "walletDrawerVirtualCardNumberLabel": "Nummer van virtuele kaart",
  "walletFeedbackThankYouText": "Bedankt voor uw feedback. Het helpt ons Portemonnee te verbeteren.",
  "walletMicrofeedbackPrompt": "Tevreden met Portemonnee?",
  "zipFeeTermLinkText": "Servicevoorwaarden van Zip",
  "zipLogoDesc": "Zip, nu kopen, later betalen",
  "zipPolicy": "Als u doorgaat, gaat u akkoord met onze $1 en erkent u dat uw totale aankoopbedrag wordt gedeeld met Zip, in overeenstemming met $2."
}