{
  "addNewAddressTitle": "Neue Adresse hinzufügen",
  "addNewCardDisabledTooltipTitle": "Warum kann ich keine neue Karte hinzufügen?",
  "addNewCardDisabledTooltipTitleContent": "Um eine neue Karte hinzuzufügen, aktualisieren Sie Ihre Einstellungen in $1.",
  "backToWorkflow": "Zurück zu $1",
  "billingInformation": "Abrechnungsinformationen",
  "cardDetailsTitle": "Kartendetails",
  "creditCardSyncSuccessTokenizationNotEligible": "$1 auf Ihrem Microsoft-Konto gespeichert, eine virtuelle Kartennummer wird derzeit jedoch nicht unterstützt.",
  "creditCardTokenizationSuccess": "Alles fertig! Ihre Karte ist jetzt durch Edge geschützt.",
  "enrollCardToMSA": "Greifen Sie auf diese Karte für Zahlungen in Edge auf allen Ihren Geräten zu.",
  "enrollCardToMSATitle": "In Microsoft-Konto speichern?",
  "enrollCardToMSAWithEligibleTitle": "Mehr Komfort und Sicherheit von Ihrer Karte",
  "enrollCardTokenized": "Sichern Sie Ihre Einkäufe mit einer virtuellen Karte, damit Verkäufern die Kartennummer nicht angezeigt wird.",
  "enrollCardTokenizedTitle": "Erhalten Sie mehr Sicherheit von Ihrer Karte",
  "gotoMicrosoftAccount": "Zum Microsoft-Konto wechseln",
  "nicknamePlaceholder": "Spitznamen eingeben",
  "nicknameSectionTitle": "Karten-Spitzname",
  "recentChanges": "Kürzliche Änderungen",
  "removeCard": "Karte entfernen",
  "removeCardFromMSA": "Diese Zahlungsmethode ist einem aktiven Abonnement zugeordnet. Um diese Karte aus Ihrer Brieftasche zu entfernen, müssen Sie zunächst das Abonnement in Ihrem Microsoft-Konto in eine neue Zahlungsmethode ändern.",
  "removeCardFromWalletHub": "Möchten Sie diese Karte wirklich aus Ihrer Brieftasche entfernen?",
  "tokenHistoryCreateCurrentValueLabel": "Neue Kartennummer endet mit $1.",
  "tokenHistoryCreatePreviousValueLabel": "Die alte Kartennummer endete mit $1.",
  "tokenHistoryCreateTitle": "Die Nummer Ihrer virtuellen Karte wurde von $1 aktualisiert.",
  "tokenHistoryExpirationDateChangeLabel": "Sie läuft jetzt am $1 ab.",
  "tokenHistoryExpirationDateChangeTitle": "Das Ablaufdatum Ihrer Karte wurde aktualisiert.",
  "tokenHistoryUpdateLabel": "Virtuelle Karte endet mit $1",
  "tokenHistoryUpdateTitle": "Ihre virtuelle Karte wurde generiert.",
  "tokenizedSuccessModalDescription": "Ihre Karte verfügt jetzt über eine virtuelle Kartennummer, die automatisch beim Auschecken in Edge eingefügt wird.",
  "tokenizedSuccessModalTitle": "Virtuelle Karte aktiviert!",
  "updateBillingInformationSuccess": "Alles fertig! Ihre Abrechnungsinformationen wurden aktualisiert.",
  "updateTokenizedCardBillingAddressFailed": "Die Adresse der Karte kann nicht aktualisiert werden. Überprüfen Sie, ob die Informationen korrekt sind, und versuchen Sie es noch mal.",
  "updateTokenizedPartialCardCvvRequired": "Um diese Karte zu aktualisieren, geben Sie den CVV-Sicherheitscode ein, der Ihrem $1 zugeordnet ist, der auf $2 endet.",
  "updateVirtualCardNicknameSuccess": "Alles fertig! Ihr Spitzname wurde aktualisiert.",
  "updateVirtualCardSuccess": "Alles fertig! Ihre virtuelle Karte wurde aktualisiert.",
  "updatingBillingInformation": "Abrechnungsinformationen werden aktualisiert…",
  "updatingVirtualCard": "Virtuelle Karte wird aktualisiert…",
  "useVirtualCardDescription": "Verwenden Sie diese virtuelle Karte, wenn Sie Käufe in Microsoft Edge tätigen.",
  "verifyAndEnroll": "Überprüfen und registrieren",
  "verifyTokenizedModalDescription": "Wenn Sie online einkaufen, kann Edge Ihre Kartennummer durch eine virtuelle Kartennummer ersetzen. Wenn der Händler eine Datenschutzverletzung hat, kann dies zum Schutz Ihrer tatsächlichen Kartendetails beitragen. Ihr Kartenaussteller sendet Ihnen möglicherweise einen Prüfcode.",
  "verifyTokenizedModalTitle": "Mit virtueller Karte sicher auschecken?",
  "viewHistory": "Verlauf anzeigen",
  "virtualCard": "Virtuelle Karte",
  "virtualCardHistoryTitle": "Verlauf virtueller Karten"
}