{
  "addNewAddressTitle": "إضافة عنوان جديد",
  "addNewCardDisabledTooltipTitle": "لماذا لا يمكنني إضافة بطاقة جديدة؟",
  "addNewCardDisabledTooltipTitleContent": "لإضافة بطاقة جديدة، قم بتحديث تفضيلاتك في $1.",
  "backToWorkflow": "العودة إلى $1",
  "billingInformation": "معلومات الفوترة",
  "cardDetailsTitle": "تفاصيل البطاقة",
  "creditCardSyncSuccessTokenizationNotEligible": "تم حفظ $1 في حساب Microsoft ولكن رقم البطاقة الظاهرية غير معتمد حاليا",
  "creditCardTokenizationSuccess": "كل شيء جاهز! بطاقتك محمية الآن بواسطة Edge.",
  "enrollCardToMSA": "يمكنك الوصول إلى هذه البطاقة للمدفوعات على Edge عبر جميع أجهزتك.",
  "enrollCardToMSATitle": "هل تريد الحفظ في حساب Microsoft؟",
  "enrollCardToMSAWithEligibleTitle": "احصل على مزيد من الراحة والأمان من بطاقتك",
  "enrollCardTokenized": "قم بتأمين عمليات الشراء باستخدام بطاقة ظاهرية حتى لا يرى البائعون رقم بطاقتك.",
  "enrollCardTokenizedTitle": "احصل على مزيد من الأمان من بطاقتك",
  "gotoMicrosoftAccount": "الانتقال إلى حساب Microsoft",
  "nicknamePlaceholder": "إدخال الكنية",
  "nicknameSectionTitle": "كنية البطاقة",
  "recentChanges": "التغييرات الأخيرة",
  "removeCard": "إزالة البطاقة",
  "removeCardFromMSA": "طريقة الدفع هذه مرتبطة باشتراك نشط. لإزالة هذه البطاقة من محفظتك، يجب عليك أولاً تغيير الاشتراك في حساب Microsoft الخاص بك إلى طريقة دفع جديدة.",
  "removeCardFromWalletHub": "هل تريد بالتأكيد إزالة هذه البطاقة من محفظتك؟",
  "tokenHistoryCreateCurrentValueLabel": "ينتهي رقم البطاقة الجديدة بـ $1",
  "tokenHistoryCreatePreviousValueLabel": "انتهى رقم البطاقة القديمة ب $1",
  "tokenHistoryCreateTitle": "تم تحديث رقم بطاقتك الظاهرية بواسطة $1",
  "tokenHistoryExpirationDateChangeLabel": "ستنتهي صلاحيته الآن في $1",
  "tokenHistoryExpirationDateChangeTitle": "تم تحديث تاريخ انتهاء صلاحية بطاقتك",
  "tokenHistoryUpdateLabel": "تنتهي البطاقة الظاهرية بـ $1",
  "tokenHistoryUpdateTitle": "تم إنشاء بطاقتك الظاهرية.",
  "tokenizedSuccessModalDescription": "تحتوي بطاقتك الآن على رقم بطاقة ظاهرية سيتم إدراجه تلقائيا عند السحب على Edge.",
  "tokenizedSuccessModalTitle": "تم تنشيط البطاقة الظاهرية!",
  "updateBillingInformationSuccess": "اكتمل الإعداد. تم تحديث معلومات الفواتير الخاصة بك",
  "updateTokenizedCardBillingAddressFailed": "يتعذر تحديث عنوان البطاقة. الرجاء التحقق من صحة المعلومات والمحاولة مجدداً.",
  "updateTokenizedPartialCardCvvRequired": "لتحديث هذه البطاقة، أدخل رمز أمان CVV المقترن ببطاقة $1 الذي ينتهي بـ $2.",
  "updateVirtualCardNicknameSuccess": "كل شيء جاهز! تم تحديث اسمك المستعار.",
  "updateVirtualCardSuccess": "كل شيء جاهز! تم تحديث بطاقتك الظاهرية",
  "updatingBillingInformation": "يتم الآن تحديث معلومات الفوترة...",
  "updatingVirtualCard": "يتم الآن تحديث البطاقة الظاهرية...",
  "useVirtualCardDescription": "استخدم هذه البطاقة الظاهرية عند إجراء عمليات شراء على Microsoft Edge.",
  "verifyAndEnroll": "التحقق والتسجيل",
  "verifyTokenizedModalDescription": "عند التسوق عبر الإنترنت، يمكن لـ Edge استبدال رقم بطاقتك برقم بطاقة ظاهرية. إذا كان التاجر قد واجه خرقا للبيانات، فقد يساعد ذلك في حماية تفاصيل بطاقتك الحقيقية. قد ترسل لك الجهة المصدّرة للبطاقة رمز تحقق.",
  "verifyTokenizedModalTitle": "هل تريد السحب بأمان باستخدام البطاقة الظاهرية؟",
  "viewHistory": "عرض المحفوظات",
  "virtualCard": "بطاقة ظاهرية",
  "virtualCardHistoryTitle": "محفوظات البطاقة الظاهرية"
}