{
  "addNewAddressTitle": "Ajouter une nouvelle adresse",
  "addNewCardDisabledTooltipTitle": "Je ne peux pas ajouter une nouvelle carte.",
  "addNewCardDisabledTooltipTitleContent": "Pour ajouter une nouvelle carte, mettez à jour vos préférences dans $1.",
  "backToWorkflow": "Retour au $1",
  "billingInformation": "Informations de facturation",
  "cardDetailsTitle": "Détails de la carte",
  "creditCardSyncSuccessTokenizationNotEligible": "1$ a été enregistré sur votre compte Microsoft ; toutefois, les numéros de cartes virtuelles ne sont pas pris en charge pour le moment.",
  "creditCardTokenizationSuccess": "Tout est prêt ! Votre carte est maintenant protégée par Edge.",
  "enrollCardToMSA": "Accédez à cette carte pour effectuer des paiements sur Edge sur tous vos appareils.",
  "enrollCardToMSATitle": "Enregistrer sur votre compte Microsoft ?",
  "enrollCardToMSAWithEligibleTitle": "Obtenez plus de flexibilité et de sécurité avec votre carte",
  "enrollCardTokenized": "Sécurisez vos achats en utilisant une carte virtuelle afin que les commerçants ne disposent pas de votre numéro de carte.",
  "enrollCardTokenizedTitle": "Bénéficiez d’une sécurité renforcée grâce à votre carte",
  "gotoMicrosoftAccount": "Accéder au compte Microsoft",
  "nicknamePlaceholder": "Saisissez un pseudo",
  "nicknameSectionTitle": "Nom de la carte",
  "recentChanges": "Modifications récentes",
  "removeCard": "Supprimer la carte",
  "removeCardFromMSA": "Ce mode de paiement est associé à un abonnement actif. Pour supprimer cette carte de votre Portefeuille, vous devez d’abord modifier l’abonnement dans votre compte Microsoft vers un nouveau mode de paiement.",
  "removeCardFromWalletHub": "Voulez-vous vraiment supprimer cette carte de votre Portefeuille ?",
  "tokenHistoryCreateCurrentValueLabel": "Le nouveau numéro de carte se termine par $1",
  "tokenHistoryCreatePreviousValueLabel": "L’ancien numéro de carte se terminait par $1",
  "tokenHistoryCreateTitle": "Votre numéro de carte virtuelle a été mis à jour par $1",
  "tokenHistoryExpirationDateChangeLabel": "Elle expirera maintenant le $1",
  "tokenHistoryExpirationDateChangeTitle": "La date d’expiration de votre carte a été mise à jour",
  "tokenHistoryUpdateLabel": "La carte virtuelle se termine par $1",
  "tokenHistoryUpdateTitle": "Votre carte virtuelle a été générée.",
  "tokenizedSuccessModalDescription": "Votre carte dispose désormais d’un numéro de carte virtuelle qui sera ajouté automatiquement lors de la validation de vos achats sur Edge.",
  "tokenizedSuccessModalTitle": "La carte virtuelle est activée !",
  "updateBillingInformationSuccess": "Tout a été configuré ! Vos informations de facturation ont été mises à jour",
  "updateTokenizedCardBillingAddressFailed": "Impossible de mettre à jour l’adresse de la carte. Vérifiez que les informations sont correctes et réessayez.",
  "updateTokenizedPartialCardCvvRequired": "Pour mettre à jour cette carte, saisissez le code CVV de sécurité associé à votre $1 se terminant par $2.",
  "updateVirtualCardNicknameSuccess": "Tout est prêt ! Votre pseudo a été mis à jour.",
  "updateVirtualCardSuccess": "Tout est prêt ! Votre carte virtuelle a été actualisée",
  "updatingBillingInformation": "Mise à jour des informations de facturation en cours... Merci de patienter.",
  "updatingVirtualCard": "Mise à jour de la carte virtuelle en cours… Merci de patienter.",
  "useVirtualCardDescription": "Utilisez cette carte virtuelle lorsque vous effectuez des achats sur Microsoft Edge.",
  "verifyAndEnroll": "Vérifier et s’inscrire",
  "verifyTokenizedModalDescription": "Lorsque vous faites des achats en ligne, Edge peut remplacer votre numéro de votre carte par un numéro de carte virtuelle. Si le commerçant subit une fuite de données, cela peut aider à protéger les informations de votre carte réelle. L’émetteur de votre carte peut vous envoyer un code de vérification.",
  "verifyTokenizedModalTitle": "Une carte virtuelle pour payer en toute sécurité ?",
  "viewHistory": "Afficher l’historique",
  "virtualCard": "Carte virtuelle",
  "virtualCardHistoryTitle": "Historique des cartes virtuelles"
}