{
  "aboutPrivacyStatementLinkText": "Pernyataan Privasi Microsoft",
  "aboutTermsOfUseLinkText": "Ketentuan Penggunaan Microsoft Edge",
  "affirmDisclaimerLinkText": "Hubungi Affirm",
  "affirmDisclaimerText": "Kartu Affirm adalah kartu virtual penggunaan terbatas dan didanai oleh Cross River Bank, Member FDIC, atau Affirm Loan Services, LLC, tergantung dari ketentuan perjanjian pinjaman Anda, dan dikeluarkan oleh Sutton Bank, Member FDIC, sesuai dengan lisensi dari Visa U.S.A. Inc. Kartu Affirm diterbitkan oleh Marqeta. $1 jika Anda memiliki pertanyaan.",
  "affirmLogoDesc": "Beli sekarang, bayar dengan mencicil dengan Affirm",
  "affirmPolicy": "Dengan melanjutkan, Anda menyetujui $1 dan mengakui bahwa jumlah total pembelian Anda beserta tempat Anda berbelanja akan dibagikan dengan Afirmasi, sesuai dengan $2.",
  "cancel": "Batal",
  "challengeDescriptionAPPToAPP": "Masuk ke aplikasi perbankan online Anda untuk menerima kode verifikasi.",
  "challengeDescriptionCustomerService": "Hubungi bank Anda di $1 untuk menerima kode verifikasi.",
  "challengeDescriptionEmail": "Bank mengirimkan Anda kode verifikasi ke alamat email $1 Anda.",
  "challengeDescriptionOnlineBanking": "Masukkan kode yang Anda terima dari bank Anda di bawah ini.",
  "challengeDescriptionOutboundCall": "Bank Anda akan menghubungi nomor ponsel $1 Anda untuk memberikan kode verifikasi.",
  "challengeDescriptionSMS": "Bank mengirimkan Anda kode verifikasi ke nomor telepon $1 Anda.",
  "close": "Tutup",
  "commonSubtitle": "Lihat apakah Anda memenuhi syarat untuk pembayaran cicilan",
  "feedbackOptionAutofillDontWork": "Isi otomatis tidak berfungsi",
  "feedbackOptionOthers": "Lainnya",
  "feedbackOptionTookTooMuchTime": "Proses terlalu lama",
  "klarnaDisclaimerText": "Kartu Komersial Klarna Visa® dikeluarkan oleh Sutton Bank, Anggota FDIC, sesuai dengan lisensi dari Visa U.S.A Inc. Kartu Klarna didukung oleh Marqeta. Layanan Pelanggan $1",
  "klarnaFeeTermLinkText": "Klarna Bayar Nanti dalam $1",
  "klarnaLogoDesc": "Hemat uang dengan Klarna.",
  "klarnaPolicy": "Dengan melanjutkan, Anda menyetujui $1 dan mengakui bahwa jumlah total pembelian Anda beserta tempat Anda berbelanja akan dibagikan dengan Klarna, sesuai dengan $2.",
  "learnMore": "Pelajari selengkapnya",
  "manageYourPaymentMethodsLinkText": "Kelola metode pembayaran Anda",
  "msPayAddCardAgreement": "Dengan melanjutkan, Anda menyetujui $1, $2, dan $3 terkait cara penanganan data Anda.",
  "paymentServiceTermsLinkText": "Ketentuan Layanan Pembayaran",
  "tokenizationTerms": "Dengan melanjutkan, Anda menyetujui $1.",
  "tokenizeCardBack": "Kembali",
  "tokenizeCardChallengeMethodAPPToAPP": "Aplikasi perbankan seluler",
  "tokenizeCardChallengeMethodCustomerService": "Layanan pelanggan bank",
  "tokenizeCardChallengeMethodEmail": "Email",
  "tokenizeCardChallengeMethodOnlineBanking": "Rekening bank",
  "tokenizeCardChallengeMethodOutboundCall": "Panggilan telepon",
  "tokenizeCardChallengeMethodSMS": "Pesan teks",
  "tokenizeCardCvvInvalidError": "Harap verifikasi kode keamanan Anda dan coba lagi.",
  "tokenizeCardEnterCode": "Masukkan kode",
  "tokenizeCardEnterCodeStepTitle": "Mari mulai proses verifikasi Anda",
  "tokenizeCardEnterCvvStepDescription": "Bank mengharuskan Anda memverifikasi kode keamanan CVV yang terkait dengan $1 Anda yang berakhiran $2.",
  "tokenizeCardErrorStepTitle": "Terjadi kesalahan",
  "tokenizeCardFetchCodeError": "Penerbit kartu Anda mengalami masalah saat mengirim kode. Minta kode lain atau gunakan metode verifikasi lain.",
  "tokenizeCardFetchCodeErrorCustomerService": "Penerbit kartu Anda mengalami masalah saat membuat kode. Coba metode verifikasi lain atau coba lagi nanti.",
  "tokenizeCardGeneralError": "Penerbit kartu Anda sedang mengalami masalah, silakan coba lagi nanti.",
  "tokenizeCardLoadingTitle": "Menghubungi bank Anda…",
  "tokenizeCardNext": "Berikutnya",
  "tokenizeCardResendCode": "Kirim ulang kode",
  "tokenizeCardSelectMethodDescription": "Pilih salah satu metode verifikasi berikut:",
  "tokenizeCardSelectMethodStepTitle": "Mari mulai proses verifikasi Anda",
  "tokenizeCardSendingCode": "Kode terkirim!",
  "tokenizeCardTryAgain": "Coba lagi",
  "tokenizeCardValidationError": "Penerbit kartu Anda tidak dapat memverifikasi. Coba kembali sebentar lagi.",
  "tokenizeCardVerify": "Verifikasi",
  "tokenizeCardVerifyWithAnotherMethod": "Verifikasi dengan metode lain",
  "tokenizeCardVerifying": "Memverifikasi",
  "walletDrawerAutoFillErrorMessage": "Kami tidak dapat mengisi otomatis informasi kartu Anda dari $1. Masukkan informasi kartu $1 Anda secara manual saat checkout.",
  "walletDrawerAutoFillMessage": "Kami telah mengisi informasi kartu Anda secara otomatis dari $1.",
  "walletDrawerCvcLabel": "CVC",
  "walletDrawerExpirationLabel": "Habis masa berlaku",
  "walletDrawerLabelCopyCardNumber": "Salin nomor kartu",
  "walletDrawerLabelCopyCvc": "Salin CVC",
  "walletDrawerLabelCopyNameAddress": "Salin nama dan alamat",
  "walletDrawerLabelShowCardNumber": "Tampilkan nomor kartu",
  "walletDrawerLabelShowCvc": "Tampilkan CVC",
  "walletDrawerLabelShowExpirationDate": "Salin tanggal habis masa berlaku",
  "walletDrawerLinkErrorMessage": "Kami tidak dapat menautkan akun Microsoft Anda ke $1. Coba lagi nanti.",
  "walletDrawerNameAndAddressLabel": "Nama & alamat penagihan",
  "walletDrawerPayWithVirtualCard": "Bayar dengan kartu $1 $2 Anda",
  "walletDrawerSystemErrorHeader": "Oh, Tidak!",
  "walletDrawerVirtualCardNumberLabel": "Nomor kartu virtual",
  "walletFeedbackThankYouText": "Terima kasih atas umpan balik Anda. Ini akan membantu kami meningkatkan Dompet.",
  "walletMicrofeedbackPrompt": "Puas dengan Dompet?",
  "zipFeeTermLinkText": "Ketentuan Layanan Zip",
  "zipLogoDesc": "Zip, beli sekarang, bayar nanti",
  "zipPolicy": "Dengan melanjutkan, Anda menyetujui $1 kami dan mengakui bahwa jumlah total pembelian Anda akan dibagikan dengan Zip, sesuai dengan $2."
}