{
  "aboutPrivacyStatementLinkText": "Microsoft 隐私声明",
  "aboutTermsOfUseLinkText": "Microsoft Edge 使用条款",
  "affirmDisclaimerLinkText": "联系 Affirm",
  "affirmDisclaimerText": "Affirm 卡是有限使用的虚拟卡，由 FDIC 成员 Cross River 银行或 Affirm 贷款服务公司提供资金（具体取决于贷款协议条款），并由 FDIC 成员 Sutton 银行根据 Visa U.S.A. Inc. 的许可颁发。Affirm 卡由 Marqeta 颁发。如有任何疑问，$1。",
  "affirmLogoDesc": "使用 Affirm，立即购买，延期支付",
  "affirmPolicy": "继续操作即表示你同意 $1，并确认将根据 $2 规定，与 Affirm 共享你的购买总金额以及购买地点。",
  "cancel": "取消",
  "challengeDescriptionAPPToAPP": "登录你的在线银行应用以接收验证码。",
  "challengeDescriptionCustomerService": "请拨打 1 美元的银行来接收验证码。",
  "challengeDescriptionEmail": "你的银行正在向你的电子邮件地址 $1 发送验证码。",
  "challengeDescriptionOnlineBanking": "在下方输入你从银行收到的代码。",
  "challengeDescriptionOutboundCall": "银行将使用验证码拨打你的手机号码 $1。",
  "challengeDescriptionSMS": "你的银行正在向你的手机号码 $1 发送验证码。",
  "close": "关闭",
  "commonSubtitle": "查看你是否有资格延期支付",
  "feedbackOptionAutofillDontWork": "自动填充不起作用",
  "feedbackOptionOthers": "其他",
  "feedbackOptionTookTooMuchTime": "花费的时间过多",
  "klarnaDisclaimerText": "Klarna Visa® 商业卡由 FDIC 成员 Sutton 银行根据 Visa U.S.A Inc. 的许可颁发。Klarna 卡由 Marqeta 提供支持。客户服务 $1",
  "klarnaFeeTermLinkText": "在 $1 中使用 Klarna 稍后支付",
  "klarnaLogoDesc": "使用 Klarna 节省资金。",
  "klarnaPolicy": "继续操作即表示你同意 $1，并确认将根据 $2 规定，与 Klarna 共享你的购买总金额以及购买地点。",
  "learnMore": "了解详细信息",
  "manageYourPaymentMethodsLinkText": "管理你的付款方式",
  "msPayAddCardAgreement": "继续操作即表示你同意 $1、$2 和 $3 对数据的处理方式。",
  "paymentServiceTermsLinkText": "付款服务条款",
  "tokenizationTerms": "继续操作即表示你同意 $1。",
  "tokenizeCardBack": "后退",
  "tokenizeCardChallengeMethodAPPToAPP": "移动银行应用",
  "tokenizeCardChallengeMethodCustomerService": "银行客户服务",
  "tokenizeCardChallengeMethodEmail": "电子邮件",
  "tokenizeCardChallengeMethodOnlineBanking": "银行帐户",
  "tokenizeCardChallengeMethodOutboundCall": "电话呼叫",
  "tokenizeCardChallengeMethodSMS": "短信",
  "tokenizeCardCvvInvalidError": "请验证你的安全代码，然后重试。",
  "tokenizeCardEnterCode": "输入代码",
  "tokenizeCardEnterCodeStepTitle": "让我们对你进行验证",
  "tokenizeCardEnterCvvStepDescription": "银行要求你验证与以 $2 结尾的 $1 关联的 CVV 安全代码。",
  "tokenizeCardErrorStepTitle": "出现错误",
  "tokenizeCardFetchCodeError": "发卡机构在发送代码时遇到问题。请申请另一个代码或使用其他验证方法。",
  "tokenizeCardFetchCodeErrorCustomerService": "发卡机构在生成代码时遇到问题。请尝试其他验证方法或稍后重试。",
  "tokenizeCardGeneralError": "你的卡片颁发商当前遇到了问题，请稍后再试。",
  "tokenizeCardLoadingTitle": "正在联系你的银行...",
  "tokenizeCardNext": "下一页",
  "tokenizeCardResendCode": "重新发送代码",
  "tokenizeCardSelectMethodDescription": "选择以下验证方法之一:",
  "tokenizeCardSelectMethodStepTitle": "让我们对你进行验证",
  "tokenizeCardSendingCode": "代码已发送!",
  "tokenizeCardTryAgain": "重试",
  "tokenizeCardValidationError": "你的卡颁发者无法验证。请稍后重试。",
  "tokenizeCardVerify": "验证",
  "tokenizeCardVerifyWithAnotherMethod": "使用另一种方法进行验证",
  "tokenizeCardVerifying": "正在验证",
  "walletDrawerAutoFillErrorMessage": "我们无法从 $1 中自动填充你的卡信息。请在结帐期间手动输入 $1 卡信息。",
  "walletDrawerAutoFillMessage": "我们已从 $1 中自动填充你的卡信息。",
  "walletDrawerCvcLabel": "CVC",
  "walletDrawerExpirationLabel": "到期",
  "walletDrawerLabelCopyCardNumber": "复制卡号",
  "walletDrawerLabelCopyCvc": "复制 CVC",
  "walletDrawerLabelCopyNameAddress": "复制名称和地址",
  "walletDrawerLabelShowCardNumber": "显示卡号",
  "walletDrawerLabelShowCvc": "显示 CVC",
  "walletDrawerLabelShowExpirationDate": "复制到期日期",
  "walletDrawerLinkErrorMessage": "我们无法将你的 Microsoft 帐户链接到 $1。请稍后重试。",
  "walletDrawerNameAndAddressLabel": "你的姓名和帐单邮寄地址",
  "walletDrawerPayWithVirtualCard": "使用 $1 $2 卡支付",
  "walletDrawerSystemErrorHeader": "糟糕",
  "walletDrawerVirtualCardNumberLabel": "虚拟卡号",
  "walletFeedbackThankYouText": "感谢你的反馈。这将有助于我们改进电子钱包。",
  "walletMicrofeedbackPrompt": "对电子钱包满意吗?",
  "zipFeeTermLinkText": "Zip 的服务条款",
  "zipLogoDesc": "Zip，立即购买，稍后支付",
  "zipPolicy": "继续操作即表示你同意我们的 $1，并确认将根据 $2 规定，与 Zip 共享你的购买总金额。"
}