{"n":3,"e":[{"e":"*.clo.footprintdns.com","w":2000,"m":1},{"e":"*.clo.footprintdns.com","w":100,"m":128},{"e":"*.nrb.footprintdns.com","w":420,"m":3},{"e":"afdxtest.z01.azurefd.net","w":500,"m":1},{"e":"am2prdapp01-canary.netmon.azure.com","w":3,"m":1},{"e":"a-ring.msedge.net","w":2000,"m":3},{"e":"a-ring-fallback.msedge.net","w":2000,"m":3},{"e":"auh20prdapp01-canary-opaph.netmon.azure.com","w":3,"m":1},{"e":"ber20prdapp03-canary.netmon.azure.com","w":3,"m":1},{"e":"bing.com","w":100,"m":3},{"e":"bl2prdapp01-canary.netmon.azure.com","w":3,"m":1},{"e":"bm1prdapp01-canary.netmon.azure.com","w":3,"m":1},{"e":"bn1prdapp01-canary.netmon.azure.com","w":3,"m":1},{"e":"b-ring.msedge.net","w":2000,"m":3,"ex":"0d7be093075e43419d318f19a57eaaf7"},{"e":"b-ring-fallback.msedge.net","w":50,"m":3},{"e":"by1prdapp01-canary.netmon.azure.com","w":3,"m":1},{"e":"bz6prdapp01-canary.netmon.azure.com","w":3,"m":1},{"e":"cbn09prdapp01-canary-opaph.netmon.azure.com","w":3,"m":1},{"e":"cbr20prdapp01-canary.netmon.azure.com","w":3,"m":1},{"e":"cbr21prdapp01-canary.netmon.azure.com","w":3,"m":1},{"e":"cdm05prdapp04-canary-opaph.netmon.azure.com","w":3,"m":1},{"e":"ch1prdapp01-canary.netmon.azure.com","w":3,"m":1},{"e":"co2prdapp01-canary.netmon.azure.com","w":3,"m":1},{"e":"cpt20prdapp01-canary-opaph.netmon.azure.com","w":3,"m":1},{"e":"cq1prdapp01-canary.netmon.azure.com","w":3,"m":1},{"e":"c-ring.msedge.net","w":2000,"m":3},{"e":"c-ring-fallback.msedge.net","w":50,"m":3},{"e":"cvl02prdapp01-canary-opaph.netmon.azure.com","w":3,"m":1},{"e":"cw1prdapp01-canary.netmon.azure.com","w":3,"m":1},{"e":"cy4prdapp01-canary.netmon.azure.com","w":3,"m":1},{"e":"db3prdapp01-canary.netmon.azure.com","w":3,"m":1},{"e":"dm1prdapp01-canary.netmon.azure.com","w":3,"m":1},{"e":"doh20prdapp01-canary-opaph.netmon.azure.com","w":3,"m":1},{"e":"dual-s-ring.msedge.net","w":2000,"m":3},{"e":"dual-s-ring-fallback.msedge.net","w":50,"m":3},{"e":"dw8wjz3q0i4gj.cloudfront.net","w":50,"m":3},{"e":"dw8wjz3q0i4gj.cloudfront.net","w":10,"m":8},{"e":"dxb20prdapp02-canary-opaph.netmon.azure.com","w":3,"m":1},{"e":"dz5prdapp01-canary.netmon.azure.com","w":3,"m":1},{"e":"eafddirect.msedge.net","w":50,"m":3},{"e":"eafd-dod-384ea1aa-6aab-4841-a754-35b60cef4ac8.azureedge.us","w":50,"m":3},{"e":"elasticafd-footprint-0d855e84-e893-47bd-84fd-b5568a836b09.azureedge.us","w":50,"m":3},{"e":"e-ring-fallback.msedge.net","w":50,"m":3},{"e":"exo-ring.msedge.net","w":100,"m":3},{"e":"exo-ring-fallback.msedge.net","w":50,"m":3},{"e":"fp.msedge.net","w":50,"m":3},{"e":"fp-afd.azureedge.net","w":700,"m":3,"ex":"22d49f7b24824e98bd690ebffd6521fa"},{"e":"fp-afd.azureedge.net","w":50,"m":8},{"e":"fp-afd.azureedge.us","w":500,"m":3},{"e":"fp-afd.azurefd.net","w":500,"m":3},{"e":"fp-afd.azurefd.us","w":500,"m":3},{"e":"fp-afd-nocache.azureedge.net","w":700,"m":3},{"e":"fp-afd-nocache.azureedge.net","w":50,"m":8},{"e":"fp-afd-nocache-ccp.azureedge.net","w":700,"m":3},{"e":"fp-afdx-bpdee4gtg6frejfd.z01.azurefd.net","w":100,"m":3},{"e":"fp-as.azureedge.net","w":700,"m":3},{"e":"fp-as.azureedge.net","w":50,"m":8},{"e":"fp-as-nocache.azureedge.net","w":700,"m":3},{"e":"fp-as-nocache.azureedge.net","w":50,"m":8},{"e":"fp-vp.azureedge.net","w":700,"m":3,"ex":"22d49f7b24824e98bd690ebffd6521fa"},{"e":"fp-vp.azureedge.net","w":50,"m":8},{"e":"fp-vp-nocache.azureedge.net","w":700,"m":3},{"e":"fp-vp-nocache.azureedge.net","w":50,"m":8},{"e":"fp-vs.azureedge.net","w":1000,"m":3},{"e":"fp-vs.azureedge.net","w":50,"m":8},{"e":"fp-vs-nocache.azureedge.net","w":1000,"m":3},{"e":"fp-vs-nocache.azureedge.net","w":50,"m":8},{"e":"fra21prdapp03-canary.netmon.azure.com","w":3,"m":1},{"e":"graph.azurefd.net","w":1,"m":1},{"e":"graph.azurefd.net","w":1,"m":8},{"e":"graph.microsoft.com","w":1,"m":1},{"e":"graph.microsoft.com","w":1,"m":8},{"e":"gva20prdapp03-canary.netmon.azure.com","w":3,"m":1},{"e":"gvx01prdapp02-canary-opaph.netmon.azure.com","w":3,"m":1},{"e":"hk2prdapp02-canary.netmon.azure.com","w":3,"m":1},{"e":"iad01prdapp01-canary-opaph.netmon.azure.com","w":3,"m":1},{"e":"jga20prdapp01-canary-opaph.netmon.azure.com","w":3,"m":1},{"e":"jnb21prdapp02-canary-opaph.netmon.azure.com","w":3,"m":1},{"e":"k-ring.msedge.net","w":2000,"m":3},{"e":"k-ring-fallback.msedge.net","w":50,"m":3},{"e":"ln1prdapp01-canary.netmon.azure.com","w":3,"m":1},{"e":"l-ring.msedge.net","w":2000,"m":3},{"e":"l-ring-fallback.msedge.net","w":50,"m":3},{"e":"lvl01prdapp01-canary-opaph.netmon.azure.com","w":3,"m":1},{"e":"m.qualifytring.com","w":100,"m":3},{"e":"ma1prdapp01-canary.netmon.azure.com","w":3,"m":1},{"e":"ml1prdapp01-canary.netmon.azure.com","w":3,"m":1},{"e":"mma01prdapp04-canary-opaph.netmon.azure.com","w":3,"m":1},{"e":"mnz20prdapp01-canary.netmon.azure.com","w":3,"m":1},{"e":"moiafdaws.clo.footprintdns.com","w":50,"m":3},{"e":"moiafdazure.clo.footprintdns.com","w":50,"m":3},{"e":"moiawsorigin.clo.footprintdns.com","w":50,"m":3},{"e":"moiazureorigin.clo.footprintdns.com","w":50,"m":3},{"e":"mrs20prdapp01-canary.netmon.azure.com","w":3,"m":1},{"e":"mwh01prdapp02-canary.netmon.azure.com","w":3,"m":1},{"e":"mwh01prdapp02-canary.netmon.azure.com","w":1,"m":128},{"e":"mzz20prdapp01-canary-opaph.netmon.azure.com","w":3,"m":1},{"e":"nag20prdapp01-canary-opaph.netmon.azure.com","w":3,"m":1},{"e":"o-ring.msedge.net","w":100,"m":3},{"e":"o-ring-fallback.msedge.net","w":50,"m":3},{"e":"os1prdapp01-canary.netmon.azure.com","w":3,"m":1},{"e":"osl20prdapp01-canary-opaph.netmon.azure.com","w":3,"m":1},{"e":"ow1.res.office365.com","w":700,"m":3},{"e":"ow1.res.office365.com","w":50,"m":8},{"e":"par20prdapp01-canary.netmon.azure.com","w":3,"m":1},{"e":"phx10prdapp02-canary-opaph.netmon.azure.com","w":3,"m":1},{"e":"pn1prdapp01-canary.netmon.azure.com","w":3,"m":1},{"e":"ps1prdapp01-canary.netmon.azure.com","w":3,"m":1},{"e":"q-ring.msedge.net","w":100,"m":3},{"e":"q-ring-fallback.msedge.net","w":100,"m":3},{"e":"rio20prdapp01-canary-opaph.netmon.azure.com","w":3,"m":1},{"e":"roxy.azurefd.net","w":50,"m":3},{"e":"rum14.perf.linkedin.com","w":150,"m":3},{"e":"rum18.perf.linkedin.com","w":150,"m":3},{"e":"rum8.perf.linkedin.com","w":215,"m":3},{"e":"sat09prdapp01-canary-opaph.netmon.azure.com","w":3,"m":1},{"e":"se1prdapp01-canary.netmon.azure.com","w":3,"m":1},{"e":"segments-s.msedge.net","w":100,"m":3},{"e":"sg1prdapp02-canary.netmon.azure.com","w":3,"m":1},{"e":"sjc20prdapp03-canary-opaph.netmon.azure.com","w":3,"m":1},{"e":"spo-ring.msedge.net","w":2000,"m":3},{"e":"spo-ring-fallback.msedge.net","w":50,"m":3},{"e":"spov-ring-fallback.msedge.net","w":50,"m":3},{"e":"s-ring.msedge.net","w":2000,"m":3},{"e":"s-ring-fallback.msedge.net","w":50,"m":3},{"e":"static-ecst.licdn.com","w":2000,"m":384},{"e":"svg20prdapp01-canary-opaph.netmon.azure.com","w":3,"m":1},{"e":"sy3prdapp01-canary.netmon.azure.com","w":3,"m":1},{"e":"teams-ring.msedge.net","w":2000,"m":3},{"e":"teams-ring-fallback.msedge.net","w":50,"m":3},{"e":"tring.clo.footprintdns.com","w":100,"m":3},{"e":"t-ring.msedge.net","w":2000,"m":3},{"e":"t-ring-fallback.msedge.net","w":1000,"m":3},{"e":"t-ring-fallbacks1.msedge.net","w":200,"m":3},{"e":"t-ring-fallbacks2.msedge.net","w":200,"m":3},{"e":"t-ring-fdv2.msedge.net","w":2000,"m":3},{"e":"t-s1-ring.msedge.net","w":50,"m":3},{"e":"t-s2-ring.msedge.net","w":200,"m":3},{"e":"ty1prdapp01-canary.netmon.azure.com","w":3,"m":1},{"e":"wac-ring.msedge.net","w":200,"m":3},{"e":"wac-ring-fallback.msedge.net","w":200,"m":3},{"e":"yq1prdapp01-canary.netmon.azure.com","w":3,"m":1},{"e":"yt1prdapp01-canary.netmon.azure.com","w":3,"m":1},{"e":"zrh20prdapp02-canary.netmon.azure.com","w":3,"m":1}],"r":["fp.msedge.net/r.gif","odinvzc.azureedge.net/apc/trans.gif"]}