{
  "aboutPrivacyStatementLinkText": "Microsoft Privacy Statement",
  "aboutTermsOfUseLinkText": "Microsoft Edge Terms of Use",
  "affirmDisclaimerLinkText": "Contact Affirm",
  "affirmDisclaimerText": "The Affirm Card is a limited use virtual card and funded by either Cross River Bank, Member FDIC or Affirm Loan Services, LLC, depending on the terms of your loan agreement, and issued by Sutton Bank, Member FDIC, pursuant to licence from Visa U.S.A. Inc. The Affirm Card is issued by Marqeta. $1 if you have any questions.",
  "affirmLogoDesc": "Buy now, pay over time with Affirm",
  "affirmPolicy": "By continuing, you agree to $1 and acknowledge that your total purchase amount along with where you shop will be shared with Affirm, in accordance with $2.",
  "cancel": "Cancel",
  "challengeDescriptionAPPToAPP": "Sign in to your online banking app to receive a verification code.",
  "challengeDescriptionCustomerService": "Call your bank at $1 to receive a verification code.",
  "challengeDescriptionEmail": "Your bank is sending you a verification code to your email address $1.",
  "challengeDescriptionOnlineBanking": "Enter the code you received from your bank below.",
  "challengeDescriptionOutboundCall": "Your bank will call your mobile phone number $1 with a verification code.",
  "challengeDescriptionSMS": "Your bank is sending you a verification code to your mobile phone number $1.",
  "close": "Close",
  "commonSubtitle": "See if you qualify to pay over time",
  "feedbackOptionAutofillDontWork": "Autofill did not work",
  "feedbackOptionOthers": "Other",
  "feedbackOptionTookTooMuchTime": "Took too much time",
  "klarnaDisclaimerText": "The Klarna Visa® Commercial Card is issued by Sutton Bank, Member FDIC, pursuant to a licence from Visa U.S.A Inc. The Klarna Card is powered by Marqeta. Customer Service $1",
  "klarnaFeeTermLinkText": "Klarna Pay Later in $1",
  "klarnaLogoDesc": "Save money with Klarna.",
  "klarnaPolicy": "By continuing, you agree to $1 and acknowledge that your total purchase amount along with where you shop will be shared with Klarna, in accordance with $2.",
  "learnMore": "Learn more",
  "manageYourPaymentMethodsLinkText": "Manage your payment methods",
  "msPayAddCardAgreement": "By continuing, you agree to the $1, $2, and $3 regarding how your data is handled.",
  "paymentServiceTermsLinkText": "Payment Service Terms",
  "tokenizationTerms": "By continuing, you agree to the $1.",
  "tokenizeCardBack": "Back",
  "tokenizeCardChallengeMethodAPPToAPP": "Mobile banking app",
  "tokenizeCardChallengeMethodCustomerService": "Bank customer service",
  "tokenizeCardChallengeMethodEmail": "Email",
  "tokenizeCardChallengeMethodOnlineBanking": "Bank account",
  "tokenizeCardChallengeMethodOutboundCall": "Phone call",
  "tokenizeCardChallengeMethodSMS": "Text message",
  "tokenizeCardCvvInvalidError": "Please verify your security code and try again.",
  "tokenizeCardEnterCode": "Enter code",
  "tokenizeCardEnterCodeStepTitle": "Let's get you verified",
  "tokenizeCardEnterCvvStepDescription": "Your bank requires you to verify the CVV security code associated with your $1 ending in $2.",
  "tokenizeCardErrorStepTitle": "Something went wrong",
  "tokenizeCardFetchCodeError": "Your card issuer had an issue sending the code. Request another code or use a different verification method.",
  "tokenizeCardFetchCodeErrorCustomerService": "Your card issuer had an issue generating the code. Please try a different verification method or try again later.",
  "tokenizeCardGeneralError": "Your card issuer is having issues at the moment, please try again later.",
  "tokenizeCardLoadingTitle": "Contacting your bank…",
  "tokenizeCardNext": "Next",
  "tokenizeCardResendCode": "Resend code",
  "tokenizeCardSelectMethodDescription": "Choose one of the following verification methods:",
  "tokenizeCardSelectMethodStepTitle": "Let's get you verified",
  "tokenizeCardSendingCode": "Code sent!",
  "tokenizeCardTryAgain": "Try again",
  "tokenizeCardValidationError": "Your card issuer is unable to verify. Try again shortly.",
  "tokenizeCardVerify": "Verify",
  "tokenizeCardVerifyWithAnotherMethod": "Verify with another method",
  "tokenizeCardVerifying": "Verifying",
  "walletDrawerAutoFillErrorMessage": "We are unable to autofill your card information from $1. Please manually enter your $1 card information during checkout.",
  "walletDrawerAutoFillMessage": "We've automatically filled your card information from $1.",
  "walletDrawerCvcLabel": "CVC",
  "walletDrawerExpirationLabel": "Expiration",
  "walletDrawerLabelCopyCardNumber": "Copy card number",
  "walletDrawerLabelCopyCvc": "Copy CVC",
  "walletDrawerLabelCopyNameAddress": "Copy name and address",
  "walletDrawerLabelShowCardNumber": "Show card number",
  "walletDrawerLabelShowCvc": "Show CVC",
  "walletDrawerLabelShowExpirationDate": "Copy expiration date",
  "walletDrawerLinkErrorMessage": "We are unable to link your Microsoft account to $1. Please try again later.",
  "walletDrawerNameAndAddressLabel": "Your name & billing address",
  "walletDrawerPayWithVirtualCard": "Pay with your $1 $2 card",
  "walletDrawerSystemErrorHeader": "Uh oh",
  "walletDrawerVirtualCardNumberLabel": "Virtual card number",
  "walletFeedbackThankYouText": "Thank you for your feedback. It will help us improve Wallet.",
  "walletMicrofeedbackPrompt": "Satisfied with Wallet?",
  "zipFeeTermLinkText": "Zip’s Terms of Service",
  "zipLogoDesc": "Zip, buy now, pay later",
  "zipPolicy": "By continuing, you agree to our $1 and acknowledge that your total purchase amount will be shared with Postcode, in accordance with $2."
}