{
  "addNewAddressTitle": "Adicionar um novo endereço",
  "addNewCardDisabledTooltipTitle": "Por que não consigo adicionar um novo cartão?",
  "addNewCardDisabledTooltipTitleContent": "Para adicionar um novo cartão, atualize suas preferências em $1.",
  "backToWorkflow": "Voltar para $1",
  "billingInformation": "Informações de cobrança",
  "cardDetailsTitle": "Detalhes do cartão",
  "creditCardSyncSuccessTokenizationNotEligible": "$1 salvo em seu conta Microsoft, porém não há suporte para um número de cartão virtual no momento",
  "creditCardTokenizationSuccess": "Tudo pronto! Seu cartão agora está protegido pelo Edge.",
  "enrollCardToMSA": "Acesse este cartão para fazer pagamentos no Edge em todos os seus dispositivos.",
  "enrollCardToMSATitle": "Salvar na conta Microsoft?",
  "enrollCardToMSAWithEligibleTitle": "Tenha mais conveniência e segurança com seu cartão",
  "enrollCardTokenized": "Proteja suas compras com um cartão virtual para que os comerciantes não vejam o número do seu cartão.",
  "enrollCardTokenizedTitle": "Tenha mais segurança com seu cartão",
  "gotoMicrosoftAccount": "Acessar a conta Microsoft",
  "nicknamePlaceholder": "Insira o apelido",
  "nicknameSectionTitle": "Apelido do cartão",
  "recentChanges": "Alterações recentes",
  "removeCard": "Remover cartão",
  "removeCardFromMSA": "Esta forma de pagamento está associada a uma assinatura ativa. Para remover este cartão da sua Carteira, primeiro você deve alterar a assinatura para uma nova forma de pagamento na sua conta Microsoft.",
  "removeCardFromWalletHub": "Tem certeza de que deseja remover este cartão da sua Carteira?",
  "tokenHistoryCreateCurrentValueLabel": "O novo número do cartão termina em $1",
  "tokenHistoryCreatePreviousValueLabel": "O número antigo do cartão terminava em $1",
  "tokenHistoryCreateTitle": "O número de seu cartão virtual foi atualizado por $1",
  "tokenHistoryExpirationDateChangeLabel": "Vai expirar em $1",
  "tokenHistoryExpirationDateChangeTitle": "A data de validade do seu cartão foi atualizada",
  "tokenHistoryUpdateLabel": "Cartão virtual termina em $1",
  "tokenHistoryUpdateTitle": "Seu cartão virtual foi gerado.",
  "tokenizedSuccessModalDescription": "Seu cartão agora tem um número de cartão virtual que será inserido automaticamente ao finalizar compras no Edge.",
  "tokenizedSuccessModalTitle": "Cartão virtual ativado!",
  "updateBillingInformationSuccess": "Tudo pronto! Suas informações de cobrança foram atualizadas",
  "updateTokenizedCardBillingAddressFailed": "Não é possível atualizar o endereço do cartão. Verifique se as informações estão corretas e tente novamente.",
  "updateTokenizedPartialCardCvvRequired": "Para atualizar este cartão, insira o código de segurança CVV associado ao seu $1 que termina em $2.",
  "updateVirtualCardNicknameSuccess": "Tudo pronto! Seu apelido foi atualizado.",
  "updateVirtualCardSuccess": "Tudo pronto! Seu cartão virtual foi atualizado",
  "updatingBillingInformation": "Atualizando informações de cobrança…",
  "updatingVirtualCard": "Atualizando o cartão virtual...",
  "useVirtualCardDescription": "Use este cartão virtual ao fazer compras no Microsoft Edge.",
  "verifyAndEnroll": "Verificar e registrar",
  "verifyTokenizedModalDescription": "Em compras online, o Edge pode substituir o número do seu cartão por um número de cartão virtual. Se o comerciante tiver uma violação de dados, isto pode ajudar a proteger os detalhes de seu verdadeiro cartão. O emissor do seu cartão pode lhe enviar um código de verificação.",
  "verifyTokenizedModalTitle": "Finalizar compra com segurança com o cartão virtual?",
  "viewHistory": "Exibir histórico",
  "virtualCard": "Cartão virtual",
  "virtualCardHistoryTitle": "Histórico do cartão virtual"
}