{
  "addNewAddressTitle": "Adicionar um novo endereço",
  "addNewCardDisabledTooltipTitle": "Por que motivo não posso adicionar um novo cartão?",
  "addNewCardDisabledTooltipTitleContent": "Para adicionar um novo cartão, atualize as suas preferências em $1.",
  "backToWorkflow": "Voltar a $1",
  "billingInformation": "Informações de faturação",
  "cardDetailsTitle": "Detalhes do cartão",
  "creditCardSyncSuccessTokenizationNotEligible": "$1 está guardado na sua conta Microsoft. No entanto, um número de cartão virtual não é atualmente suportado",
  "creditCardTokenizationSuccess": "Tudo pronto! O seu cartão está agora protegido pelo Edge.",
  "enrollCardToMSA": "Aceda a este cartão para pagamentos no Edge em todos os seus dispositivos.",
  "enrollCardToMSATitle": "Guardar na conta Microsoft?",
  "enrollCardToMSAWithEligibleTitle": "Consiga mais conveniência e segurança com o seu cartão",
  "enrollCardTokenized": "Proteja as suas compras com um cartão virtual para que os comerciantes não vejam o número do seu cartão.",
  "enrollCardTokenizedTitle": "Obtenha mais segurança com o seu cartão",
  "gotoMicrosoftAccount": "Aceder à conta Microsoft",
  "nicknamePlaceholder": "Introduzir alcunha",
  "nicknameSectionTitle": "Alcunha do cartão",
  "recentChanges": "Alterações recentes",
  "removeCard": "Remover cartão",
  "removeCardFromMSA": "Este método de pagamento está associado a uma subscrição ativa. Para remover este cartão da sua Carteira, primeiro, tem de alterar a subscrição na sua conta Microsoft para um novo método de pagamento.",
  "removeCardFromWalletHub": "Tem a certeza de que pretende remover este cartão da sua Carteira?",
  "tokenHistoryCreateCurrentValueLabel": "O novo número de cartão termina em $1",
  "tokenHistoryCreatePreviousValueLabel": "O número do cartão antigo terminou em $1",
  "tokenHistoryCreateTitle": "O número do seu cartão virtual foi atualizado por $1",
  "tokenHistoryExpirationDateChangeLabel": "Agora irá expirar a $1",
  "tokenHistoryExpirationDateChangeTitle": "A data de validade do seu cartão foi atualizada",
  "tokenHistoryUpdateLabel": "O cartão virtual termina em $1",
  "tokenHistoryUpdateTitle": "O seu cartão virtual foi gerado.",
  "tokenizedSuccessModalDescription": "O seu cartão tem agora um número de cartão virtual que será inserido automaticamente ao finalizar compras no Edge.",
  "tokenizedSuccessModalTitle": "Cartão virtual ativado!",
  "updateBillingInformationSuccess": "Está tudo pronto! As suas informações de faturação foram atualizadas",
  "updateTokenizedCardBillingAddressFailed": "Não é possível atualizar o endereço do cartão. Verifique se as informações estão corretas e tente novamente.",
  "updateTokenizedPartialCardCvvRequired": "Para atualizar este cartão, introduza o código de segurança CVV associado ao seu $1 que termina em $2.",
  "updateVirtualCardNicknameSuccess": "Tudo pronto! A sua alcunha foi atualizada.",
  "updateVirtualCardSuccess": "Tudo pronto! O seu cartão virtual foi atualizado",
  "updatingBillingInformation": "A atualizar as informações de faturação...",
  "updatingVirtualCard": "A atualizar o cartão virtual...",
  "useVirtualCardDescription": "Utilize este cartão virtual ao fazer compras no Microsoft Edge.",
  "verifyAndEnroll": "Verificar e inscrever-se",
  "verifyTokenizedModalDescription": "Ao fazer compras online, o Edge pode substituir o número do seu cartão por um número de cartão virtual. Se o comerciante tiver uma falha de segurança de dados, isto poderá ajudar a proteger os detalhes do seu cartão verdadeiro. O emissor do seu cartão pode enviar-lhe um código de verificação.",
  "verifyTokenizedModalTitle": "Finalizar compra em segurança com o cartão virtual?",
  "viewHistory": "Ver histórico",
  "virtualCard": "Cartão virtual",
  "virtualCardHistoryTitle": "Histórico do cartão virtual"
}