{
  "addNewAddressTitle": "Lägg till en ny adress",
  "addNewCardDisabledTooltipTitle": "Varför kan jag inte lägga till ett nytt kort?",
  "addNewCardDisabledTooltipTitleContent": "Om du vill lägga till ett nytt kort uppdaterar du dina inställningar i $1.",
  "backToWorkflow": "Tillbaka till $1",
  "billingInformation": "Faktureringsinformation",
  "cardDetailsTitle": "Kortinformation",
  "creditCardSyncSuccessTokenizationNotEligible": "$1 har sparats på din Microsoft-konto men det finns för närvarande inte stöd för ett virtuellt kortnummer",
  "creditCardTokenizationSuccess": "Klart! Ditt kort skyddas nu av Edge.",
  "enrollCardToMSA": "Få åtkomst till det här kortet för betalningar på Edge på alla dina enheter.",
  "enrollCardToMSATitle": "Spara i Microsoft-konto?",
  "enrollCardToMSAWithEligibleTitle": "Få mer konversation och säkerhet från ditt kort",
  "enrollCardTokenized": "Skydda dina köp med ett virtuellt kort så att återförsäljare inte ser ditt kortnummer.",
  "enrollCardTokenizedTitle": "Få mer säkerhet från ditt kort",
  "gotoMicrosoftAccount": "Gå till Microsoft-konto",
  "nicknamePlaceholder": "Ange smeknamn",
  "nicknameSectionTitle": "Kort smeknamn",
  "recentChanges": "Senaste ändringar",
  "removeCard": "Ta bort kortet",
  "removeCardFromMSA": "Den här betalningsmetoden är kopplad till en aktiv prenumeration. Om du vill ta bort det här kortet från plånboken måste du först ändra prenumerationen i Microsoft-konto till en ny betalningsmetod.",
  "removeCardFromWalletHub": "Vill du ta bort det här kortet från plånboken?",
  "tokenHistoryCreateCurrentValueLabel": "Nytt kortnummer slutar på $1",
  "tokenHistoryCreatePreviousValueLabel": "Gammalt kortnummer slutade på $1",
  "tokenHistoryCreateTitle": "Ditt virtuella kortnummer har uppdaterats av $1",
  "tokenHistoryExpirationDateChangeLabel": "Den upphör nu att gälla den $1",
  "tokenHistoryExpirationDateChangeTitle": "Kortets förfallodatum har uppdaterats",
  "tokenHistoryUpdateLabel": "Virtuellt kort slutar på $1",
  "tokenHistoryUpdateTitle": "Ditt virtuella kort har genererats.",
  "tokenizedSuccessModalDescription": "Ditt kort har nu ett virtuellt kortnummer som kommer att infogas automatiskt vid utcheckning på Edge.",
  "tokenizedSuccessModalTitle": "Virtuellt kort har aktiverats!",
  "updateBillingInformationSuccess": "Allt klart! Din faktureringsinformation har uppdaterats",
  "updateTokenizedCardBillingAddressFailed": "Det gick inte att uppdatera kortets adress. Kontrollera att informationen är korrekt och försök igen.",
  "updateTokenizedPartialCardCvvRequired": "Om du vill uppdatera det här kortet anger du CVV-säkerhetskoden som är associerad med ditt $1 som slutar på $2.",
  "updateVirtualCardNicknameSuccess": "Klart! Ditt smeknamn har uppdaterats.",
  "updateVirtualCardSuccess": "Klart! Ditt virtuella kort har uppdaterats",
  "updatingBillingInformation": "Uppdaterar faktureringsinformation...",
  "updatingVirtualCard": "Uppdaterar virtuellt kort…",
  "useVirtualCardDescription": "Använd det här virtuella kortet när du gör köp på Microsoft Edge.",
  "verifyAndEnroll": "Verifiera och registrera",
  "verifyTokenizedModalDescription": "När du handlar online kan Edge ersätta ditt kortnummer med ett virtuellt kortnummer. Om handlaren har ett dataintrång kan detta hjälpa dig att skydda dina sanna kortuppgifter. Din kort utfärdare kan skicka dig en verifieringskod.",
  "verifyTokenizedModalTitle": "Vill du checka ut på ett säkert sätt med ett virtuellt kort?",
  "viewHistory": "Visa historik",
  "virtualCard": "Virtuellt kort",
  "virtualCardHistoryTitle": "Historik för virtuella kort"
}