{
  "addNewAddressTitle": "新增地址",
  "addNewCardDisabledTooltipTitle": "為什麼我無法新增卡片?",
  "addNewCardDisabledTooltipTitleContent": "若要新增卡片，请在 $1 中更新您的喜好设定。",
  "backToWorkflow": "返回至 $1",
  "billingInformation": "帳單資訊",
  "cardDetailsTitle": "卡片詳細資料",
  "creditCardSyncSuccessTokenizationNotEligible": "$1 已儲存到您的 Microsoft 帳戶，但目前不支援虛擬卡號",
  "creditCardTokenizationSuccess": "設定完成! 您的卡片現在已受 Edge 保護。",
  "enrollCardToMSA": "在 Microsoft Edge 上存取此卡片以在所有裝置上進行付款。",
  "enrollCardToMSATitle": "儲存至 Microsoft 帳戶?",
  "enrollCardToMSAWithEligibleTitle": "從您的卡片獲得更多便利性和安全性",
  "enrollCardTokenized": "使用虛擬卡片來保護您的購買，讓商家看不到您的卡號。",
  "enrollCardTokenizedTitle": "從您的卡片取得更多安全性",
  "gotoMicrosoftAccount": "前往 Microsoft 帳戶",
  "nicknamePlaceholder": "輸入暱稱",
  "nicknameSectionTitle": "卡片暱稱",
  "recentChanges": "最近的變更",
  "removeCard": "移除卡片",
  "removeCardFromMSA": "此付款方式與使用中的訂閱相關聯。若要從您的電子錢包中移除此卡片，您必須先將 Microsoft 帳戶中的訂閱變更為新的付款方式。",
  "removeCardFromWalletHub": "您確定要將此卡片從您的電子錢包中移除嗎?",
  "tokenHistoryCreateCurrentValueLabel": "新的卡號結尾為 $1",
  "tokenHistoryCreatePreviousValueLabel": "舊的卡號結尾為 $1",
  "tokenHistoryCreateTitle": "您的虛擬卡片號碼已由 $1 更新",
  "tokenHistoryExpirationDateChangeLabel": "即將在 $1 到期",
  "tokenHistoryExpirationDateChangeTitle": "您卡片的到期日已更新",
  "tokenHistoryUpdateLabel": "虛擬卡片的結尾為 $1",
  "tokenHistoryUpdateTitle": "已產生您的虛擬卡片。",
  "tokenizedSuccessModalDescription": "您的卡片現在有一個虛擬卡號，可以在您於 Edge 上結帳時會自動插入。",
  "tokenizedSuccessModalTitle": "虛擬卡片已啟用!",
  "updateBillingInformationSuccess": "設定完成! 您的帳單資訊已更新",
  "updateTokenizedCardBillingAddressFailed": "無法更新卡片的地址。請檢查資訊是否正確，然後再試一次。",
  "updateTokenizedPartialCardCvvRequired": "若要更新此卡片，請輸入以 $2 結尾並與 $1 相關聯的 CVV 安全性驗證碼。",
  "updateVirtualCardNicknameSuccess": "設定完成! 您的暱稱已更新。",
  "updateVirtualCardSuccess": "設定完成! 您的虛擬卡片已更新",
  "updatingBillingInformation": "正在更新帳單資訊...",
  "updatingVirtualCard": "正在更新虛擬卡片…",
  "useVirtualCardDescription": "在 Microsoft Edge 上購買時，請使用此虛擬卡片。",
  "verifyAndEnroll": "驗證及註冊",
  "verifyTokenizedModalDescription": "在線上購物時，Edge 可以使用虛擬卡號取代您的卡號。如果商家的資料外洩，這有助於保護您的真實卡片詳細資料。您的發卡機構可能會傳送驗證碼給您。",
  "verifyTokenizedModalTitle": "安全地使用虛擬卡結帳?",
  "viewHistory": "檢視歷程記錄",
  "virtualCard": "虛擬卡片",
  "virtualCardHistoryTitle": "虛擬卡片歷程記錄"
}