{
  "addNewAddressTitle": "Een nieuw adres toevoegen",
  "addNewCardDisabledTooltipTitle": "Waarom kan ik geen nieuwe kaart toevoegen?",
  "addNewCardDisabledTooltipTitleContent": "Als u een nieuwe kaart wilt toevoegen, moet u uw voorkeuren bijwerken in $1.",
  "backToWorkflow": "Terug naar $1",
  "billingInformation": "Factureringsgegevens",
  "cardDetailsTitle": "Kaartgegevens",
  "creditCardSyncSuccessTokenizationNotEligible": "$1 opgeslagen in uw Microsoft-account maar een virtuele-kaartnummer wordt momenteel niet ondersteund",
  "creditCardTokenizationSuccess": "Klaar! Uw kaart wordt nu beveiligd door Edge.",
  "enrollCardToMSA": "Gebruik deze kaart voor betalingen in Edge op al uw apparaten.",
  "enrollCardToMSATitle": "Opslaan in Microsoft-account?",
  "enrollCardToMSAWithEligibleTitle": "Profiteer van meer gemak en beveiliging met uw kaart",
  "enrollCardTokenized": "Beveilig uw aankopen met een virtuele kaart, zodat verkopers uw kaartnummer niet zien.",
  "enrollCardTokenizedTitle": "Profiteer van meer beveiliging met uw kaart",
  "gotoMicrosoftAccount": "Ga naar Microsoft-account",
  "nicknamePlaceholder": "Bijnaam invoeren",
  "nicknameSectionTitle": "Bijnaam van kaart",
  "recentChanges": "Recente wijzigingen",
  "removeCard": "Kaart verwijderen",
  "removeCardFromMSA": "Deze betalingswijze is gekoppeld aan een actief abonnement. Als u deze kaart uit uw Portemonnee wilt verwijderen, moet u eerst het abonnement in uw Microsoft-account wijzigen naar een nieuwe betalingswijze.",
  "removeCardFromWalletHub": "Weet u zeker dat u deze kaart uit uw portemonnee wilt verwijderen?",
  "tokenHistoryCreateCurrentValueLabel": "Nieuw kaartnummer eindigt in $1",
  "tokenHistoryCreatePreviousValueLabel": "Oud kaartnummer eindigt in $1",
  "tokenHistoryCreateTitle": "Uw virtuele-kaartnummer is bijgewerkt door $1",
  "tokenHistoryExpirationDateChangeLabel": "Verloopt nu op $1",
  "tokenHistoryExpirationDateChangeTitle": "De vervaldatum van uw kaart is bijgewerkt",
  "tokenHistoryUpdateLabel": "Virtuele kaart eindigt in $1",
  "tokenHistoryUpdateTitle": "Uw virtuele kaart is aangemaakt.",
  "tokenizedSuccessModalDescription": "Uw kaart heeft nu een virtuele-kaartnummer dat automatisch wordt ingevoegd bij het uitchecken in Edge.",
  "tokenizedSuccessModalTitle": "Virtuele kaart is geactiveerd.",
  "updateBillingInformationSuccess": "Klaar! Uw factureringsgegevens zijn bijgewerkt",
  "updateTokenizedCardBillingAddressFailed": "Kan het adres van de kaart niet bijwerken. Controleer of de informatie juist is en probeer het opnieuw.",
  "updateTokenizedPartialCardCvvRequired": "Als u deze kaart wilt bijwerken, voert u de CVV-beveiligingscode in die is gekoppeld aan uw $1 eindigend in $2.",
  "updateVirtualCardNicknameSuccess": "Klaar! Uw bijnaam is bijgewerkt.",
  "updateVirtualCardSuccess": "Klaar! Uw virtuele kaart is bijgewerkt",
  "updatingBillingInformation": "Factureringsgegevens bijwerken…",
  "updatingVirtualCard": "Virtuele kaart bijwerken…",
  "useVirtualCardDescription": "Gebruik deze virtuele kaart bij het doen van aankopen op Microsoft Edge.",
  "verifyAndEnroll": "Verifiëren en registreren",
  "verifyTokenizedModalDescription": "Wanneer u online winkelt, kan Edge uw kaartnummer vervangen door een virtuele-kaartnummer. Als de verkoper een gegevenslek heeft, kan dit helpen uw echte kaartgegevens te beschermen. De verlener van uw kaart kan u een verificatiecode sturen.",
  "verifyTokenizedModalTitle": "Veilig uitchecken met een virtuele kaart?",
  "viewHistory": "Geschiedenis weergeven",
  "virtualCard": "Virtuele kaart",
  "virtualCardHistoryTitle": "Geschiedenis van virtuele kaart"
}