{
  "aboutPrivacyStatementLinkText": "Informativa sulla privacy di Microsoft",
  "aboutTermsOfUseLinkText": "Condizioni per l'utilizzo di Microsoft Edge",
  "affirmDisclaimerLinkText": "Contatta Affirm",
  "affirmDisclaimerText": "La carta Affirm è una carta virtuale a uso limitato e viene finanziata da Cross River Bank, membro FDIC o Affirm Loan Services, LLC, a seconda delle condizioni del contratto di prestito e rilasciata da Sutton Bank, membro FDIC, in conformità ai sensi di licenza di Visa U.S.A. Inc. La carta Affirm viene emessa da Marqeta. $1 in caso di domande.",
  "affirmLogoDesc": "Acquista ora, paga in seguito con Affirm",
  "affirmPolicy": "Se continui, accetti $1 e riconosci che l'importo totale dell'acquisto insieme al luogo in cui effettui acquisti verrà condiviso con Affirm, in conformità a $2.",
  "cancel": "Annulla",
  "challengeDescriptionAPPToAPP": "Accedi all'app della tua banca per ricevere un codice di verifica.",
  "challengeDescriptionCustomerService": "Chiama la tua banca al numero $1 per ricevere un codice di verifica.",
  "challengeDescriptionEmail": "La banca ti sta inviando un codice di verifica all'indirizzo di posta elettronica $1.",
  "challengeDescriptionOnlineBanking": "Immetti il codice ricevuto dalla tua banca di seguito.",
  "challengeDescriptionOutboundCall": "La banca chiamerà il numero di cellulare $1 con un codice di verifica.",
  "challengeDescriptionSMS": "La banca ti sta inviando un codice di verifica al numero di cellulare $1.",
  "close": "Chiudi",
  "commonSubtitle": "Verifica se hai i requisiti per il pagamento dilazionato",
  "feedbackOptionAutofillDontWork": "Il riempimento automatico non funziona",
  "feedbackOptionOthers": "Altro",
  "feedbackOptionTookTooMuchTime": "Ha richiesto troppo tempo",
  "klarnaDisclaimerText": "La carta commerciale Visa® di Klarna è rilasciata da Sutton Bank, membro FDIC, in conformità ai sensi di licenza di Visa U.S.A Inc. La carta Klarna è emessa da Marqeta. Servizio clienti $1",
  "klarnaFeeTermLinkText": "Paga dopo di Klarna in $1",
  "klarnaLogoDesc": "Risparmia denaro con Klarna.",
  "klarnaPolicy": "Se continui, accetti $1 e riconosci che l'importo totale dell'acquisto insieme al luogo in cui effettui acquisti verrà condiviso con Klarna, in conformità a $2.",
  "learnMore": "Ulteriori informazioni",
  "manageYourPaymentMethodsLinkText": "Gestire i metodi di pagamento",
  "msPayAddCardAgreement": "Continuando, accetti le $ 1, $ 2 e $ 3 relative alla modalità di gestione dei dati.",
  "paymentServiceTermsLinkText": "Condizioni del servizio di pagamento",
  "tokenizationTerms": "Continuando, accetti il $1.",
  "tokenizeCardBack": "Indietro",
  "tokenizeCardChallengeMethodAPPToAPP": "App Mobile banking",
  "tokenizeCardChallengeMethodCustomerService": "Servizio clienti della banca",
  "tokenizeCardChallengeMethodEmail": "Posta elettronica",
  "tokenizeCardChallengeMethodOnlineBanking": "Conto corrente bancario",
  "tokenizeCardChallengeMethodOutboundCall": "Chiamata telefonica",
  "tokenizeCardChallengeMethodSMS": "Messaggio di testo",
  "tokenizeCardCvvInvalidError": "Verifica il codice di sicurezza e riprova.",
  "tokenizeCardEnterCode": "Inserisci il codice",
  "tokenizeCardEnterCodeStepTitle": "Verifica dell'utente",
  "tokenizeCardEnterCvvStepDescription": "La tua banca richiede la verifica del codice di sicurezza CVV associato al tuo $1 che termina con $2.",
  "tokenizeCardErrorStepTitle": "Si è verificato un errore",
  "tokenizeCardFetchCodeError": "L'emittente della carta ha riscontrato un problema nell'invio del codice. Richiedi un altro codice o usa un metodo di verifica diverso.",
  "tokenizeCardFetchCodeErrorCustomerService": "L'emittente della carta ha riscontrato un problema di generazione del codice. Prova un metodo di verifica diverso o riprova più tardi.",
  "tokenizeCardGeneralError": "L'emittente della carta sta riscontrando problemi al momento. Riprova più tardi.",
  "tokenizeCardLoadingTitle": "Stiamo contattando la tua banca…",
  "tokenizeCardNext": "Avanti",
  "tokenizeCardResendCode": "Invia di nuovo il codice",
  "tokenizeCardSelectMethodDescription": "Scegli uno dei metodi di verifica seguenti:",
  "tokenizeCardSelectMethodStepTitle": "Verifica dell'utente",
  "tokenizeCardSendingCode": "Codice inviato!",
  "tokenizeCardTryAgain": "Riprova",
  "tokenizeCardValidationError": "L'emittente della carta non è in grado di effettuare la verifica. Riprova tra poco.",
  "tokenizeCardVerify": "Verifica",
  "tokenizeCardVerifyWithAnotherMethod": "Verifica con un altro metodo",
  "tokenizeCardVerifying": "Verifica in corso",
  "walletDrawerAutoFillErrorMessage": "Non è possibile compilare automaticamente le informazioni sulla carta da $1. Immetti manualmente le informazioni sulla carta $1 durante il completamento della transazione.",
  "walletDrawerAutoFillMessage": "Le informazioni sulla carta sono state compilate automaticamente da $1.",
  "walletDrawerCvcLabel": "CVC",
  "walletDrawerExpirationLabel": "Scadenza",
  "walletDrawerLabelCopyCardNumber": "Copia numero carta",
  "walletDrawerLabelCopyCvc": "Copia CVC",
  "walletDrawerLabelCopyNameAddress": "Copia nome e indirizzo",
  "walletDrawerLabelShowCardNumber": "Mostra numero carta",
  "walletDrawerLabelShowCvc": "Mostra CVC",
  "walletDrawerLabelShowExpirationDate": "Copia data di scadenza",
  "walletDrawerLinkErrorMessage": "Non è possibile collegare il account Microsoft a $1. Riprova più tardi.",
  "walletDrawerNameAndAddressLabel": "Nome e indirizzo di fatturazione",
  "walletDrawerPayWithVirtualCard": "Paga con la tua carta $1 $2",
  "walletDrawerSystemErrorHeader": "Si è verificato un problema",
  "walletDrawerVirtualCardNumberLabel": "Numero di carta virtuale",
  "walletFeedbackThankYouText": "Grazie per il feedback. Ci aiuterà a migliorare il Portafoglio.",
  "walletMicrofeedbackPrompt": "Sei soddisfatto il Portafoglio?",
  "zipFeeTermLinkText": "Condizioni d'uso di Zip",
  "zipLogoDesc": "Zip, acquisti ora, paghi in seguito",
  "zipPolicy": "Se continui, accetti $1 e riconosci che l'importo totale dell'acquisto verrà condiviso con Zip, in conformità a $2."
}