{
  "addNewAddressTitle": "添加新地址",
  "addNewCardDisabledTooltipTitle": "为什么我无法添加新卡?",
  "addNewCardDisabledTooltipTitleContent": "若要添加新卡，请更新 $1 中的首选项。",
  "backToWorkflow": "返回到 $1",
  "billingInformation": "帐单信息",
  "cardDetailsTitle": "卡片详细信息",
  "creditCardSyncSuccessTokenizationNotEligible": "$1 已保存到你的 Microsoft 帐户但当前不支持虚拟卡号",
  "creditCardTokenizationSuccess": "一切就绪! 你的卡片现在受 Edge 保护。",
  "enrollCardToMSA": "在所有设备的 Edge 上使用此卡付款。",
  "enrollCardToMSATitle": "保存到 Microsoft 帐户?",
  "enrollCardToMSAWithEligibleTitle": "从卡片获得更多的持久性和安全性",
  "enrollCardTokenized": "使用虚拟卡保护你的购买过程，让商家看不到你的卡号。",
  "enrollCardTokenizedTitle": "从卡片获取更多的安全性",
  "gotoMicrosoftAccount": "转到 Microsoft 帐户",
  "nicknamePlaceholder": "输入昵称",
  "nicknameSectionTitle": "卡片昵称",
  "recentChanges": "最近更改",
  "removeCard": "删除卡片",
  "removeCardFromMSA": "此付款方式与活动订阅相关联。若要从电子钱包中删除此卡，必须先将 Microsoft 帐户中的订阅更改为使用新的付款方式。",
  "removeCardFromWalletHub": "是否确定要从电子钱包中删除此卡?",
  "tokenHistoryCreateCurrentValueLabel": "新卡号以 $1 结尾",
  "tokenHistoryCreatePreviousValueLabel": "旧卡号以 $1 结束",
  "tokenHistoryCreateTitle": "你的虚拟卡号已由 $1 更新",
  "tokenHistoryExpirationDateChangeLabel": "它将于 $1 过期",
  "tokenHistoryExpirationDateChangeTitle": "你的卡片过期日期已更新",
  "tokenHistoryUpdateLabel": "虚拟卡以 $1 结尾",
  "tokenHistoryUpdateTitle": "你的虚拟卡已生成。",
  "tokenizedSuccessModalDescription": "现在，你的卡上有一个虚拟卡号，当你在 Edge 上结账时，将自动插入该号码。",
  "tokenizedSuccessModalTitle": "虚拟卡已激活!",
  "updateBillingInformationSuccess": "一切就绪! 你的帐单信息已更新",
  "updateTokenizedCardBillingAddressFailed": "无法更新卡片地址。请检查信息是否正确，然后重试。",
  "updateTokenizedPartialCardCvvRequired": "若要更新此卡，请输入与 $1 关联的以 $2 结尾 CVV 安全代码。",
  "updateVirtualCardNicknameSuccess": "全部完成! 你的昵称已更新。",
  "updateVirtualCardSuccess": "一切就绪! 你的虚拟卡已更新",
  "updatingBillingInformation": "正在更新计费信息...",
  "updatingVirtualCard": "正在更新虚拟卡...",
  "useVirtualCardDescription": "在 Microsoft Edge 进行购买时使用此虚拟卡。",
  "verifyAndEnroll": "验证和注册",
  "verifyTokenizedModalDescription": "在线购物时，Edge 可以将你的卡号替换为虚拟卡号。如果商家存在数据泄露，这将有助于保护你的真实卡片的详细信息。你的卡片颁发商可能会向你发送验证码。",
  "verifyTokenizedModalTitle": "使用虚拟卡安全结账?",
  "viewHistory": "查看历史记录",
  "virtualCard": "虚拟卡",
  "virtualCardHistoryTitle": "虚拟卡历史记录"
}