{
  "addNewAddressTitle": "Добавить новый адрес",
  "addNewCardDisabledTooltipTitle": "Почему не удается добавить новую карту?",
  "addNewCardDisabledTooltipTitleContent": "Чтобы добавить новую карту, обновите настройки в $1.",
  "backToWorkflow": "Назад к $1",
  "billingInformation": "Данные для выставления счетов",
  "cardDetailsTitle": "Данные карты",
  "creditCardSyncSuccessTokenizationNotEligible": "$1 сохранено в вашей учетной записи Майкрософт, но номер виртуальной карты сейчас не поддерживается",
  "creditCardTokenizationSuccess": "Готово! Ваша карта защищена браузером Microsoft Edge.",
  "enrollCardToMSA": "Используйте эту карту для платежей в Microsoft Edge на всех устройствах.",
  "enrollCardToMSATitle": "Сохранить в учетной записи Майкрософт?",
  "enrollCardToMSAWithEligibleTitle": "Используйте карту удобнее и безопаснее",
  "enrollCardTokenized": "Защитите покупки с помощью виртуальной карты, чтобы продавцы не узнали номер вашей настоящей карты.",
  "enrollCardTokenizedTitle": "Используйте карту безопаснее",
  "gotoMicrosoftAccount": "Перейти в учетную запись Майкрософт",
  "nicknamePlaceholder": "Введите псевдоним",
  "nicknameSectionTitle": "Псевдоним карты",
  "recentChanges": "Последние изменения",
  "removeCard": "Удалить карту",
  "removeCardFromMSA": "Этот метод оплаты связан с действующей подпиской. Чтобы удалить эту карту из Кошелька, необходимо сначала изменить подписку в вашей учетной записи Майкрософт, выбрав новый метод оплаты.",
  "removeCardFromWalletHub": "Действительно удалить эту карту из Кошелька?",
  "tokenHistoryCreateCurrentValueLabel": "Новый номер карты оканчивается на $1",
  "tokenHistoryCreatePreviousValueLabel": "Номер старой карты заканчивался на $1",
  "tokenHistoryCreateTitle": "Номер вашей виртуальной карты обновлен посредством $1",
  "tokenHistoryExpirationDateChangeLabel": "Срок действия теперь истекает $1",
  "tokenHistoryExpirationDateChangeTitle": "Дата окончания срока действия карты обновлена",
  "tokenHistoryUpdateLabel": "Виртуальная карта оканчивается на $1",
  "tokenHistoryUpdateTitle": "Виртуальная карта создана.",
  "tokenizedSuccessModalDescription": "Теперь у вашей карты есть номер виртуальной карты, который будет автоматически вставляться при оформлении покупок в Microsoft Edge.",
  "tokenizedSuccessModalTitle": "Виртуальная карта активирована.",
  "updateBillingInformationSuccess": "Все готово! Данные для выставления счетов обновлены",
  "updateTokenizedCardBillingAddressFailed": "Не удалось обновить адрес карты. Проверьте правильность сведений и повторите попытку.",
  "updateTokenizedPartialCardCvvRequired": "Чтобы обновить эту карту, введите CVV-код, связанный с вашей картой $1, оканчивающейся на $2.",
  "updateVirtualCardNicknameSuccess": "Готово! Псевдоним обновлен.",
  "updateVirtualCardSuccess": "Готово! Виртуальная карта обновлена",
  "updatingBillingInformation": "Обновление данных для выставления счетов…",
  "updatingVirtualCard": "Обновление виртуальной карты...",
  "useVirtualCardDescription": "Использовать эту виртуальную карту при покупках в Microsoft Edge.",
  "verifyAndEnroll": "Проверить и зарегистрировать",
  "verifyTokenizedModalDescription": "При покупках в Интернете браузер Microsoft Edge может заменять номер вашей карты на номер виртуальной карты. В случае нарушения безопасности данных у продавца данные вашей настоящей банковской карты будут защищены. Эмитент карты может отправить вам код проверки.",
  "verifyTokenizedModalTitle": "Безопасно оформить заказ, используя виртуальную карту?",
  "viewHistory": "Просмотреть журнал",
  "virtualCard": "Виртуальная карта",
  "virtualCardHistoryTitle": "Журнал виртуальной карты"
}