{
  "aboutPrivacyStatementLinkText": "Declaração de Privacidade da Microsoft",
  "aboutTermsOfUseLinkText": "Termos de Utilização do Microsoft Edge",
  "affirmDisclaimerLinkText": "Contacte a Affirm",
  "affirmDisclaimerText": "O Cartão Affirm é um cartão virtual de utilização limitada financiado pelo Cross River Bank, Membro da Agência Federal de Garantia de Depósitos Bancários, ou pela Affirm Loan Services, LLC, dependendo dos termos do seu contrato de empréstimo. É emitido pelo Sutton Bank, Membro da Agência Federal de Garantia de Depósitos Bancários, ao abrigo da licença da Visa U.S.A. Inc. O Cartão Affirm é emitido pela Marqeta. Se tiver alguma questão, $1.",
  "affirmLogoDesc": "Compre agora, pague de forma faseada com a Affirm",
  "affirmPolicy": "Ao continuar, concorda com $1 e reconhece que o seu montante total de compra, juntamente com o local onde faz compras, será partilhado com a Affirm, de acordo com $2.",
  "cancel": "Cancelar",
  "challengeDescriptionAPPToAPP": "Inicie sessão na sua aplicação de banca online para receber um código de verificação.",
  "challengeDescriptionCustomerService": "Ligue para o seu banco no $1 para receber um código de verificação.",
  "challengeDescriptionEmail": "O seu banco está a enviar-lhe um código de verificação para o seu endereço de e-mail $1.",
  "challengeDescriptionOnlineBanking": "Introduza abaixo o código que recebeu do seu banco.",
  "challengeDescriptionOutboundCall": "O seu banco irá ligar para o seu número de telemóvel $1 com um código de verificação.",
  "challengeDescriptionSMS": "O seu banco está a enviar-lhe um código de verificação para o número de telemóvel $1.",
  "close": "Fechar",
  "commonSubtitle": "Veja se é elegível para pagamentos faseados",
  "feedbackOptionAutofillDontWork": "O preenchimento automático não funcionou",
  "feedbackOptionOthers": "Outro",
  "feedbackOptionTookTooMuchTime": "Demorou demasiado tempo",
  "klarnaDisclaimerText": "O Cartão Comercial Klarna Visa® é emitido pelo Sutton Bank, Membro da Agência Federal de Garantia de Depósitos Bancários, ao abrigo da licença da Visa U.S.A Inc. O Cartão Klarna tem tecnologia da Marqeta. Apoio a Clientes: $1",
  "klarnaFeeTermLinkText": "Serviço \"Pague Depois\" da Klarna em $1",
  "klarnaLogoDesc": "Poupe dinheiro com a Klarna.",
  "klarnaPolicy": "Ao continuar, concorda com $1 e reconhece que o seu montante total de compra, juntamente com o local onde faz compras, será partilhado com a Klarna, de acordo com $2.",
  "learnMore": "Saber mais",
  "manageYourPaymentMethodsLinkText": "Gerir os seus métodos de pagamento",
  "msPayAddCardAgreement": "Ao continuar, concorda com $1, $2 e $3 relativamente à forma como os seus dados são tratados.",
  "paymentServiceTermsLinkText": "Termos do Serviço de Pagamento",
  "tokenizationTerms": "Ao continuar, concorda com os $1.",
  "tokenizeCardBack": "Voltar",
  "tokenizeCardChallengeMethodAPPToAPP": "Aplicação de serviço bancário móvel",
  "tokenizeCardChallengeMethodCustomerService": "Suporte ao cliente do banco",
  "tokenizeCardChallengeMethodEmail": "E-mail",
  "tokenizeCardChallengeMethodOnlineBanking": "Conta bancária",
  "tokenizeCardChallengeMethodOutboundCall": "Chamada telefónica",
  "tokenizeCardChallengeMethodSMS": "Mensagem de texto",
  "tokenizeCardCvvInvalidError": "Verifique o seu código de segurança e tente novamente.",
  "tokenizeCardEnterCode": "Introduzir código",
  "tokenizeCardEnterCodeStepTitle": "Vamos efetuar a verificação",
  "tokenizeCardEnterCvvStepDescription": "O seu banco exige que verifique o código de segurança CVV associado ao seu cartão $1 que termina em $2.",
  "tokenizeCardErrorStepTitle": "Ocorreu um erro",
  "tokenizeCardFetchCodeError": "O emissor do seu cartão teve um problema ao enviar o código. Peça outro código ou utilize um método de verificação diferente.",
  "tokenizeCardFetchCodeErrorCustomerService": "O emissor do seu cartão teve um problema ao gerar o código. Experimente um método de verificação diferente ou tente novamente mais tarde.",
  "tokenizeCardGeneralError": "O emissor do seu cartão está a ter problemas neste momento. Tente novamente mais tarde.",
  "tokenizeCardLoadingTitle": "A contactar o seu banco…",
  "tokenizeCardNext": "Seguinte",
  "tokenizeCardResendCode": "Reenviar o código",
  "tokenizeCardSelectMethodDescription": "Escolha um dos seguintes métodos de verificação:",
  "tokenizeCardSelectMethodStepTitle": "Vamos efetuar a verificação",
  "tokenizeCardSendingCode": "Código enviado!",
  "tokenizeCardTryAgain": "Tentar novamente",
  "tokenizeCardValidationError": "O emissor do seu cartão não consegue efetuar a verificação. Tente novamente em breve.",
  "tokenizeCardVerify": "Verificar",
  "tokenizeCardVerifyWithAnotherMethod": "Verificar com outro método",
  "tokenizeCardVerifying": "A verificar",
  "walletDrawerAutoFillErrorMessage": "Não conseguimos preencher automaticamente as informações do seu cartão a partir do $1. Insira manualmente as informações do seu cartão $1 durante a compra.",
  "walletDrawerAutoFillMessage": "Preenchemos automaticamente as informações do seu cartão a partir de $1.",
  "walletDrawerCvcLabel": "CVC",
  "walletDrawerExpirationLabel": "Expiração",
  "walletDrawerLabelCopyCardNumber": "Copiar número do cartão",
  "walletDrawerLabelCopyCvc": "Copiar CVC",
  "walletDrawerLabelCopyNameAddress": "Copiar nome e endereço",
  "walletDrawerLabelShowCardNumber": "Mostrar número do cartão",
  "walletDrawerLabelShowCvc": "Mostrar CVC",
  "walletDrawerLabelShowExpirationDate": "Copiar data de expiração",
  "walletDrawerLinkErrorMessage": "Não conseguimos associar a sua conta Microsoft a $1. Tente novamente mais tarde.",
  "walletDrawerNameAndAddressLabel": "O seu nome e endereço para faturação",
  "walletDrawerPayWithVirtualCard": "Pague com o seu cartão $1 $2",
  "walletDrawerSystemErrorHeader": "Ups",
  "walletDrawerVirtualCardNumberLabel": "Número do cartão virtual",
  "walletFeedbackThankYouText": "Obrigado pelo seu feedback. Irá ajudar-nos a melhorar a Carteira.",
  "walletMicrofeedbackPrompt": "Está contente com a Carteira?",
  "zipFeeTermLinkText": "Termos de Serviço do Zip",
  "zipLogoDesc": "Zip, compre agora, pague depois",
  "zipPolicy": "Ao continuar, concorda com os nossos $1 e reconhece que o seu valor total de compra será partilhado com a Zip, de acordo com $2."
}