{
  "addNewAddressTitle": "Aggiungi un nuovo indirizzo",
  "addNewCardDisabledTooltipTitle": "Perché non è possibile aggiungere una nuova carta?",
  "addNewCardDisabledTooltipTitleContent": "Per aggiungere una nuova carta, aggiorna le tue preferenze in $1.",
  "backToWorkflow": "Torna a $1",
  "billingInformation": "Informazioni di fatturazione",
  "cardDetailsTitle": "Dettagli carta",
  "creditCardSyncSuccessTokenizationNotEligible": "$ 1 è stato salvato nell’account Microsoft tuttavia un numero di carta virtuale non è attualmente supportato",
  "creditCardTokenizationSuccess": "È tutto pronto! La tua carta è ora protetta da Edge.",
  "enrollCardToMSA": "Accedi a questa carta per i pagamenti su Edge in tutti i tuoi dispositivi.",
  "enrollCardToMSATitle": "Salvare nell'account Microsoft",
  "enrollCardToMSAWithEligibleTitle": "Ottieni più vantaggi e sicurezza dalla tua carta",
  "enrollCardTokenized": "Proteggi i tuoi acquisti con una carta virtuale, in modo che gli esercenti non visualizzino il numero di carta.",
  "enrollCardTokenizedTitle": "Ottieni maggiore sicurezza dalla tua carta",
  "gotoMicrosoftAccount": "Vai all’account Microsoft",
  "nicknamePlaceholder": "Immetti nome alternativo",
  "nicknameSectionTitle": "Nome alternativo carta",
  "recentChanges": "Modifiche recenti",
  "removeCard": "Rimuovi carta",
  "removeCardFromMSA": "Questo metodo di pagamento è associato a un abbonamento attivo. Per rimuovere la carta dal portafoglio, devi prima modificare l'abbonamento nel tuo account Microsoft con un nuovo metodo di pagamento.",
  "removeCardFromWalletHub": "Sei sicuro di voler rimuovere questa carta dal Portafoglio?",
  "tokenHistoryCreateCurrentValueLabel": "Il nuovo numero di carta termina con $1",
  "tokenHistoryCreatePreviousValueLabel": "Il numero di carta precedente terminava in $1",
  "tokenHistoryCreateTitle": "Il numero della tua carta virtuale è stato aggiornato di $1",
  "tokenHistoryExpirationDateChangeLabel": "Scade il $1",
  "tokenHistoryExpirationDateChangeTitle": "La data di scadenza della carta è stata aggiornata",
  "tokenHistoryUpdateLabel": "La carta virtuale termina con $1",
  "tokenHistoryUpdateTitle": "La carta virtuale è stata generata.",
  "tokenizedSuccessModalDescription": "La carta ha ora un numero di carta virtuale che verrà inserito automatico al completamento della transazione in Edge.",
  "tokenizedSuccessModalTitle": "Carta virtuale attivata!",
  "updateBillingInformationSuccess": "È tutto pronto! Le informazioni di fatturazione sono state aggiornate",
  "updateTokenizedCardBillingAddressFailed": "Non è possibile aggiornare l'indirizzo della carta. Verifica che le informazioni siano corrette e riprova.",
  "updateTokenizedPartialCardCvvRequired": "Per aggiornare questa carta, immetti il codice di sicurezza CVV associato al tuo $1 che termina con $2.",
  "updateVirtualCardNicknameSuccess": "È tutto pronto! Il tuo nome alternativo è stato aggiornato.",
  "updateVirtualCardSuccess": "Tutto pronto! La tua carta virtuale è stata aggiornata",
  "updatingBillingInformation": "Aggiornamento delle informazioni di fatturazione in corso…",
  "updatingVirtualCard": "Aggiornamento della carta virtuale...",
  "useVirtualCardDescription": "Usa questa carta virtuale per effettuare acquisti in Microsoft Edge.",
  "verifyAndEnroll": "Verifica e registra",
  "verifyTokenizedModalDescription": "Quando si acquista online, Edge può sostituire il numero della carta con un numero di carta virtuale. Nel caso in cui l’esercente subisca una violazione dei dati, ciò può contribuire a proteggere i dettagli della carta. L'emittente della carta potrebbe inviarti un codice di verifica.",
  "verifyTokenizedModalTitle": "Acquistare in modo sicuro con la carta virtuale?",
  "viewHistory": "Visualizza cronologia",
  "virtualCard": "Carta virtuale",
  "virtualCardHistoryTitle": "Cronologia della carta virtuale"
}