{
  "aboutPrivacyStatementLinkText": "بيان خصوصية Microsoft",
  "aboutTermsOfUseLinkText": "شروط استخدام Microsoft Edge",
  "affirmDisclaimerLinkText": "تأكيد جهة الاتصال",
  "affirmDisclaimerText": "بطاقة Affirm هي بطاقة افتراضية ذات استخدام محدود وممولة إما من Cross River Bank أو Member FDIC أو Affirm Loan Services، LLC، اعتمادًا على شروط اتفاقية القرض الخاصة بك، ويصدرها بنك Sutton، عضو FDIC، بموجب ترخيص من شركة Visa U.S.A. بطاقة Affirm صادرة Marqeta‏. $1 إذا كان لديك أي أسئلة.",
  "affirmLogoDesc": "اشتر الآن، ادفع مع مرور الوقت بواسطة Affirm",
  "affirmPolicy": "من خلال المتابعة، أنت توافق على $1 وتقر بأن إجمالي مبلغ الشراء الخاص بك مع المكان الذي تتسوق فيه ستتم مشاركته مع \"التأكيد\"، وذلك وفقًا لـ $2.",
  "cancel": "إلغاء الأمر",
  "challengeDescriptionAPPToAPP": "سجّل الدخول إلى تطبيق الخدمات المصرفية عبر الإنترنت لتحصل على رمز تحقق.",
  "challengeDescriptionCustomerService": "اتصل بالبنك الذي تتعامل معه على $1 لتلقي رمز التحقق.",
  "challengeDescriptionEmail": "يرسل لك البنك رمز تحقق إلى عنوان بريدك الإلكتروني $1.",
  "challengeDescriptionOnlineBanking": "أدخل الرمز الذي تلقيته من البنك أدناه.",
  "challengeDescriptionOutboundCall": "سيتصل البنك برقم هاتفك الجوال $1 مع رمز تحقق.",
  "challengeDescriptionSMS": "يرسل لك البنك رمز تحقق إلى رقم هاتفك الجوال $1.",
  "close": "إغلاق",
  "commonSubtitle": "معرفة ما إذا كنت مؤهلًا للدفع مع مرور الوقت",
  "feedbackOptionAutofillDontWork": "لم تكن التعبئة التلقائية ناجحة",
  "feedbackOptionOthers": "أخرى",
  "feedbackOptionTookTooMuchTime": "استغرق وقتًا طويلاً",
  "klarnaDisclaimerText": "يتم إصدار بطاقة Klarna Visa® التجارية من قبل Sutton Bank، عضو FDIC، وفقًا لترخيص من Visa U.S.A Inc.. بطاقة Klarna مدعومة من Marqeta. خدمة العملاء $1",
  "klarnaFeeTermLinkText": "Klarna Pay لاحقًا بـ $1",
  "klarnaLogoDesc": "وفر المال باستخدام Klarna.",
  "klarnaPolicy": "بالمتابعة، أنت توافق على $1 وتقر بأن إجمالي مبلغ الشراء الذي تسوقت معه سيتم مشاركته مع Klarna، وذلك وفقا لـ $2.",
  "learnMore": "تعرّف على المزيد",
  "manageYourPaymentMethodsLinkText": "تحديث طرق الدفع",
  "msPayAddCardAgreement": "من خلال المتابعة، أنت توافق على $1 و$2 و$3 فيما يتعلق بطريقة معالجة بياناتك.",
  "paymentServiceTermsLinkText": "شروط خدمة الدفع",
  "tokenizationTerms": "بالمتابعة، أنت توافق على $1.",
  "tokenizeCardBack": "رجوع",
  "tokenizeCardChallengeMethodAPPToAPP": "تطبيق الخدمات المصرفية للأجهزة المحمولة",
  "tokenizeCardChallengeMethodCustomerService": "خدمة عملاء البنك",
  "tokenizeCardChallengeMethodEmail": "البريد الإلكتروني",
  "tokenizeCardChallengeMethodOnlineBanking": "حساب بنكي",
  "tokenizeCardChallengeMethodOutboundCall": "مكالمة هاتفية",
  "tokenizeCardChallengeMethodSMS": "رسالة نصية",
  "tokenizeCardCvvInvalidError": "الرجاء تأكيد رمز الأمان الخاص بك وحاول مجدداً.",
  "tokenizeCardEnterCode": "أدخل الرمز",
  "tokenizeCardEnterCodeStepTitle": "دعنا نتحقق منك",
  "tokenizeCardEnterCvvStepDescription": "يطالبك البنك بالتحقق من رمز أمان CVV المقترن ببطاقة $1 الذي ينتهي بـ $2.",
  "tokenizeCardErrorStepTitle": "حدث خطأ ما",
  "tokenizeCardFetchCodeError": "واجهت جهة إصدار بطاقتك مشكلة أثناء إرسال الرمز. اطلب رمزاً آخر أو استخدم أسلوب تحقق مختلف.",
  "tokenizeCardFetchCodeErrorCustomerService": "واجهت جهة إصدار بطاقتك مشكلة أثناء إنشاء الرمز. الرجاء محاولة استخدام أسلوب تحقق مختلف أو المحاولة مجدداً لاحقاً.",
  "tokenizeCardGeneralError": "تواجه جهة إصدار بطاقتك مشاكل في الوقت الحالي، الرجاء المحاولة مرة أخرى لاحقا.",
  "tokenizeCardLoadingTitle": "يتم الآن الاتصال بالبنك الذي تتعامل معه...",
  "tokenizeCardNext": "التالي",
  "tokenizeCardResendCode": "إعادة إرسال الرمز",
  "tokenizeCardSelectMethodDescription": "اختر أحد أساليب التحقق التالية:",
  "tokenizeCardSelectMethodStepTitle": "دعنا نتحقق منك",
  "tokenizeCardSendingCode": "تم إرسال الرمز!",
  "tokenizeCardTryAgain": "إعادة المحاولة",
  "tokenizeCardValidationError": "يتعذر على المصدر الخاص بك التحقق من البطاقة. حاول مرة أخرى بعد قليل.",
  "tokenizeCardVerify": "تحقق",
  "tokenizeCardVerifyWithAnotherMethod": "التحقق باستخدام أسلوب آخر",
  "tokenizeCardVerifying": "يتم التحقق",
  "walletDrawerAutoFillErrorMessage": "يتعذّر علينا تعبئة معلومات بطاقتك تلقائيًا من $1. الرجاء إدخال معلومات بطاقة $1 يدويًا أثناء السداد مع الخروج.",
  "walletDrawerAutoFillMessage": "لقد ملأنا معلومات بطاقتك تلقائيًا من $1.",
  "walletDrawerCvcLabel": "CVC",
  "walletDrawerExpirationLabel": "انتهاء الصلاحية",
  "walletDrawerLabelCopyCardNumber": "نسخ رقم البطاقة",
  "walletDrawerLabelCopyCvc": "نسخ CVC",
  "walletDrawerLabelCopyNameAddress": "نسخ الاسم والعنوان",
  "walletDrawerLabelShowCardNumber": "إظهار رقم البطاقة",
  "walletDrawerLabelShowCvc": "عرض CVC",
  "walletDrawerLabelShowExpirationDate": "نسخ تاريخ انتهاء الصلاحية",
  "walletDrawerLinkErrorMessage": "يتعذّر ربط حساب Microsoft بـ $1. الرجاء المحاولة مرة أخرى لاحقًا.",
  "walletDrawerNameAndAddressLabel": "اسمك وعنوان الفوترة",
  "walletDrawerPayWithVirtualCard": "الدفع باستخدام بطاقتك التي تبلغ قيمتها $1 $2",
  "walletDrawerSystemErrorHeader": "للأسف.",
  "walletDrawerVirtualCardNumberLabel": "رقم البطاقة الظاهرية",
  "walletFeedbackThankYouText": "شكرًا لك على تقديم ملاحظاتك. ستساعدنا على تحسين \"المحفظة\".",
  "walletMicrofeedbackPrompt": "هل أنت راضٍ عن \"المحفظة\"؟",
  "zipFeeTermLinkText": "شروط خدمة Zip",
  "zipLogoDesc": "Zip، الشراء الآن والدفع لاحقًا",
  "zipPolicy": "بالمتابعة، أنت توافق على $1 وتقر بأن إجمالي مبلغ الشراء الخاص بك ستتم مشاركته مع Zip، بما يتوافق مع $2."
}