{
  "allow_list": [{
    "website": "https://www.roblox.com/"
  }, {
    "website": "https://pbskids.org/"
  }, {
    "website": "https://www.totallykidz.com/"
  }, {
    "website": "https://www.coolmathgames.com/"
  }, {
    "website": "http://www.teennick.com/"
  }, {
    "website": "https://www.abcya.com/"
  }, {
    "website": "https://www.cartoonnetwork.com/"
  }, {
    "website": "https://www.ducksters.com/"
  }, {
    "website": "https://www.poptropica.com/"
  }, {
    "website": "https://kids.nationalgeographic.com/"
  }, {
    "website": "https://www.hulu.com/hub/kids"
  }, {
    "website": "https://www.hulu.com/hub/kids-home"
  }, {
    "website": "https://www.animaljam.com/"
  }, {
    "website": "https://www.crayola.com/"
  }, {
    "website": "https://www.cbc.ca/kidscbc2/"
  }, {
    "website": "https://www.universalkids.com/"
  }, {
    "website": "https://www.beano.com/"
  }, {
    "website": "https://boyslife.org/"
  }, {
    "website": "https://www.webkinz.com/"
  }, {
    "website": "http://www.hoodamath.com/"
  }, {
    "website": "https://www.sesameworkshop.org/"
  }, {
    "website": "http://www.neopets.com/"
  }, {
    "website": "https://www.coolkidfacts.com/"
  }, {
    "website": "https://www.timeforkids.com/"
  }, {
    "website": "https://www.storyberries.com/"
  }, {
    "website": "https://www.jumpstart.com/"
  }, {
    "website": "https://www.dogonews.com/"
  }, {
    "website": "https://www.classicsforkids.com/"
  }, {
    "website": "https://www.storyjumper.com/"
  }, {
    "website": "https://dltk-kids.com/"
  }, {
    "website": "https://www.typinggames.zone/"
  }, {
    "website": "https://play.monsterhigh.com/"
  }, {
    "website": "https://www.ganzworld.com/"
  }, {
    "website": "https://minds-in-bloom.com/"
  }, {
    "website": "https://www.poetry4kids.com/"
  }, {
    "website": "https://coloring.ws/"
  }, {
    "website": "https://www.kidaptive.com/"
  }, {
    "website": "https://www.greysprings.com/"
  }, {
    "website": "https://www.kidztype.com/"
  }, {
    "website": "https://www.kididdles.com/"
  }, {
    "website": "https://www.kibagames.com/"
  }, {
    "website": "https://wimpykid.com/"
  }, {
    "website": "https://yugioh.com/"
  }, {
    "website": "https://animemojo.com/"
  }, {
    "website": "http://thegamerstop.com/"
  }, {
    "website": "https://www.thomasandfriends.com/"
  }, {
    "website": "https://lol.disney.com/games"
  }, {
    "website": "https://play.barbie.com/"
  }, {
    "website": "https://play.hotwheels.com/"
  }, {
    "website": "https://www.minecraft.net/"
  }, {
    "website": "https://www.sikids.com/"
  }, {
    "website": "https://www.youtubekids.com/"
  }, {
    "website": "https://makecode.com"
  }, {
    "website": "https://www.msn.com/en-us/kids/"
  }, {
    "website": "https://www.microsoftnewskids.com/"
  }, {
    "website": "http://microsoft.com/"
  }, {
    "website": "https://login.microsoftonline.com"
  }, {
    "website": "http://bing.com/"
  }, {
    "website": "http://office.com/"
  }, {
    "website": "https://www.youtube.com/kids/"
  }, {
    "website": "https://www.youtube.com/intl/ALL_us/kids/"
  }, {
    "website": "https://math.microsoft.com/"
  }, {
    "website": "https://www.animalplanet.com/"
  }, {
    "website": "https://www.getepic.com/"
  }, {
    "website": "https://flipgrid.com/"
  }, {
    "website": "https://nasa.gov/kidsclub"
  }, {
    "website": "https://pxt.azureedge.net"
  }, {
    "website": "https://api.github.com"
  }, {
    "website": "https://immersivereaderprod.cognitiveservices.azure.com"
  }, {
    "website": "https://userpxt.io/"
  }, {
    "website": "https://makecode.microbit.org/"
  }, {
    "website": "https://makecode.mindstorms.com/"
  }, {
    "website": "https://makecode.adafruit.com/"
  }, {
    "website": "https://onedrive.com/"
  }, {
    "website": "https://onedrive.live.com/"
  }, {
    "website": "https://1drv.ms/"
  }, {
    "website": "https://officeapps.live.com/"
  }, {
    "website": "https://www.kidomi.com/"
  }, {
    "website": "https://www.curiousworld.com/"
  }, {
    "website": "https://www.toongoggles.com/"
  }, {
    "website": "https://minecraft-api.arkoselabs.com"
  }]
}
